	simpson
11212.AC673	0.9742819133986622
11212.AC674	0.9729940860845975
11212.AC679	0.9727535454401118
11212.AC680	0.9742144610368927
11212.AC683	0.9752930676919952
11212.AC684	0.969981687275467
11212.AC685	0.9771539639603214
11212.AC691	0.9766978913247782
11212.AC693	0.9793610367940799
11212.AC711	0.9687744083372697
11212.Ptr15	0.9778672233787519
11212.Ptr16	0.9832487384731902
11212.Ptr17	0.9786363380862266
11212.Ptr3	0.9795022528497144
11212.Ptr4	0.8642381581166196
11212.Ptr5	0.9844017399553671
11212.Ptr6	0.9626767937249581
11212.Ptr9	0.9845432715776062
11212.JB35	0.9671929462974669
11212.JB8	0.9743469201192447
11212.APF108	0.9664838681365496
11212.APF109	0.9245815143055217
11212.APF110	0.9787858377652362
11212.APF113	0.9452195702574531
11212.APF115	0.9569584901715795
11212.APF116	0.9300311917865902
11212.APX.37	0.9816186002846017
11212.APX19	0.9787624069448321
11212.APX21	0.9793144118282253
11212.APX38	0.982959206113314
11212.JB19	0.9864698056997245
11212.JB26	0.9747411417002532
11212.BWC2339	0.9826655713875759
11212.BWC2341	0.9834215900809526
11212.BWC2342	0.9800170208737448
11212.Apalw10	0.9759893654054193
11212.Apalw19	0.9842485323687514
11212.Apalw20	0.9861509256456049
11212.Apalw23	0.9664334563714376
11212.Apalw8	0.9505323707237027
11212.Apalw9	0.9761200888714451
11212.JB30	0.9747026425744713
11212.JB31	0.9840711050452197
11212.JB4	0.9900454120067176
11212.ERUB.108M	0.9705407135158163
11212.ERUB.13M	0.9664302218137388
11212.ERUB.14M	0.9684584472742441
11212.ERUB.21M	0.9682701329028479
11212.ERUB.33M	0.9349946600213599
11212.ERUB.4M	0.9644830969706593
11212.ERUB.76M	0.9335281431173444
11212.ERUB.79M	0.9550192544936191
11212.ERUB.98M	0.9548841919867778
11212.RT2050	0.9847889401794193
11212.RT2135	0.9807152908784487
11212.Lc155	0.969493742412842
11212.Lc172	0.9725519772713153
11212.Lc23	0.9586776970343642
11212.Lc268	0.9521978523720254
11212.Lc316	0.9605284162796867
11212.Lc318	0.8999651101672601
11212.Lc331	0.9578053131554787
11212.Lc336	0.9728949192790487
11212.Asen1013	0.9744942108320209
11212.Asen1019	0.9748658694007883
11212.Asen1118	0.9742635316439343
11212.AsenLink5	0.9596636059993157
11212.Gor4	0.9787082872721141
11212.Gor5	0.9305496677182267
11212.Gor6	0.9564343340410572
11212.Gor7	0.9800099206251375
11212.Gor8	0.9717842826135621
11212.Gor9	0.9821580613954553
11212.RC2137	0.9678555572758318
11212.RC2138	0.9753406393576641
11212.RC2141	0.9793234843681123
11166.ATL.24593.lemur	0.9125636335127789
11166.ATL.24596.lemur	0.9584273738251308
11166.ATL.24053.bongo	0.9763951840591529
11166.ATL.24064.bongo	0.9791862917866888
11166.ATL.24071.dog	0.8561553139937025
11166.ATL.24074.dog	0.7733555281845355
11166.ATL.24558.chinchilla	0.9604236481669032
11166.ATL.24574.chinchilla	0.9648772396600164
11166.ATL.25137.tamarin	0.8179203174600044
11166.ATL.24595.orangutan	0.9473114612804707
11166.ATL.25007.hedgehog	0.7098561903813327
11166.ATL.24050.lion	0.8878777258298169
11166.ATL.24078.sunbear	0.7166443436165313
11166.ATL.24082.sunbear	0.8848727428358985
11166.ATL.24564.meerkat	0.919626645260732
11166.ATL.24497.nakedmolerat	0.9598606773439943
11166.ATL.24562.porcupine	0.9849069620896032
11166.ATL.24578.porcupine	0.9861274948252008
11166.ATL.24592.lemur	0.8546622894948863
11166.ATL.24995.monkey	0.969534766071462
11166.ATL.25124.elephant	0.9838774260415424
11166.ATL.24550.armadillo	0.9032453461321889
11166.ATL.24999.orangutan	0.9773504041717905
11166.ATL.24076.tiger	0.9114948094224243
11166.ATL.24079.tiger	0.8779357210548997
11166.ATL.24570.warthog	0.9665256018200304
11166.ATL.25126.zebra	0.9759714570005986
11166.NZ.16840.A2.lessershorttailedbat	0.8680620364499152
11166.NZ.16842.A2.lessershorttailedbat	0.841093398839701
1696.CT0001.3	0.9793633246519645
1696.CT0002.1	0.9702319315930492
1696.CT0002.4	0.9751498793450809
1696.CT0003.2	0.9813371148731471
1696.CT0003.3	0.9830717844995656
1696.CT0004.2	0.967372977045488
1696.CT0004.3	0.9668903179234929
1696.CT0005.0A	0.9801207633950627
1696.CT0005.0B	0.9810596529359035
1696.CT0010.3A	0.8664715807618764
1696.CT0014.0B	0.9723774689388777
1696.CT0015.1	0.9307454767964861
1696.CT0017.3A	0.9598407966478937
1696.VH0004B	0.9806492585664006
1696.VH0005B	0.9696293571612418
1696.VH0006B	0.9519265439835748
1696.VH0007B	0.9742151710617534
1696.VH0009B	0.9735875090848667
1696.VH0010A	0.9752750015038721
1696.VH0011A	0.9799210886258948
1696.VH0025A	0.9796393665394868
1696.VH0026A	0.975975322691507
1696.VH0027B	0.9736666374110127
1696.VH0038A	0.9746711648056455
1696.VH0038B	0.9734844765884094
1696.VH0001A	0.9753045858730692
1696.VH0001B	0.974382263578979
1696.VH0039A	0.9696519201734828
1696.VH0039B	0.9474163082849054
1696.VH0012A	0.974033325805755
1696.VH0013A	0.9736022618236397
1696.VH0014A	0.9745719980000966
1696.VH0015B	0.9698092301259604
1696.VH0016A	0.9704468324508974
1696.VH0017A	0.9701741829043764
1696.VH0028A	0.9594563576316332
1696.VH0028B	0.9711657720682136
1696.VH0029A	0.9587106737445626
1696.VH0029B	0.9559026043120205
1696.VH0030A	0.9715274902889308
1696.VH0030B	0.9694517720544076
1696.VH0031A	0.9529167130976905
1696.VH0031B	0.9532880560998531
1696.VH0032A	0.965662290481032
1696.VH0032B	0.9660946167295663
1696.VH0033A	0.9541604399787387
1696.VH0033B	0.9542640247167543
1696.VH0034A	0.9695004482031934
1696.VH0034B	0.9715007460191766
1696.VH0035A	0.964715117316816
1696.VH0036A	0.9543907247085693
1696.VH0037A	0.9608069038083958
1696.VH0018B	0.9417429729727065
1696.VH0019A	0.9793337402827674
1696.VH0020B	0.9720086504695532
1696.VH0002B	0.9817301530793877
1696.VH0003B	0.9774414451372665
1696.VH0008B	0.9609542734128232
1696.VH0021B	0.9665913185654736
1696.VH0022B	0.9753523942136918
1696.VH0023B	0.9723261104739515
1696.VH0024B	0.9673725036955808
1696.VH0040A	0.9690504502247919
1696.VH0040B	0.968022097551499
1696.CT0019.2	0.9746933333596306
1696.CT0020.1	0.9672950320941098
1696.CT0021.2	0.9680714837251454
1696.FTA.A.0	0.9388912764570548
1696.FTA.A.12	0.9421424014026936
1696.FTA.A.24a	0.9560698546125483
1696.FTA.A.24b	0.9327588706265674
1696.FTA.A.2a	0.9314977086906057
1696.FTA.A.2b	0.9353352352795575
1696.FTA.B.0	0.9299397563628582
1696.FTA.B.12	0.9374327276098098
1696.FTA.B.24	0.9387840627030843
1696.FTA.B.2a	0.9531903882356769
1696.FTA.B.2b	0.9585179414406996
1696.FTA.C.0	0.9419577160472521
1696.FTA.C.12a	0.9491366196308068
1696.FTA.C.12b	0.934709703377253
1696.FTA.C.2	0.9360396588330544
1696.FTA.C.24	0.9395099447857056
1696.FTA.D.0	0.9363094682801324
1696.FTA.D.12a	0.9350847542870216
1696.FTA.D.12b	0.9492135389907194
1696.FTA.D.2	0.9407860961353939
1696.FTA.D.24a	0.9323697770028865
1696.FTA.D.24b	0.9516161053361327
1696.X.A.12	0.9245450663626709
1696.X.A.2	0.9107811555457379
1696.X.B.0	0.9112935568202325
1696.X.B.12	0.9416291323200359
1696.X.B.2	0.9252548545484488
1696.X.B.24	0.9165626513117215
1696.X.C.0	0.9052395692910303
1696.X.C.12	0.9145492574816405
1696.X.C.2	0.9249639021388513
1696.X.C.24	0.9306482822822171
1696.X.D.0	0.9226594770075214
1696.X.D.12	0.9224728982524513
1696.X.D.2	0.9186623526082073
1696.X.D.24	0.9143418513306556
1696.CT0006.2	0.9871225552216905
1696.CT0006.3	0.9885204363891685
1696.CT0007.3	0.982138259591006
1696.CT0007.4	0.9830926907871316
1696.CT0008.3	0.9837474126003773
1696.CT0008.6	0.9850820226635991
1734.BD.NBS1054	0.8087595767068455
1734.LD.NBS1054E	0.881593059112528
1734.LD.NBS1053E	0.6856566497279717
1734.BD.NBS1055	0.9601467384712179
1734.LD.NBS1055E	0.9203629410413107
1734.LD.NBS1073B	0.12135090118919312
1734.BD.ERD505	0.6422227722723457
1734.BD.ERD507	0.9409940545279369
1734.BD.ERD511	0.7859638340948022
1734.LD.NBS1079E	0.9533368900319412
1734.BD.ERD501	0.5165690415354682
1734.LD.NBS1060E	0.824885976910386
1734.LD.Artlit1	0.8683196176910584
1734.LD.NBS1081E	0.40603749917410326
1734.BD.NBS1076	0.04419021171560722
1734.LD.NBS1076E	0.15961642879190252
1734.BD.NBS1062	0.5263937344250624
1734.LD.NBS1062E	0.5406658652589766
1734.LD.Perkap1	0.3324384521852496
1734.LD.QCAZ.M50990	0.5797643309149754
1734.LD.QCAZ.M51303	0.560686830715281
1734.LD.NBS1067E	0.591955931123644
1734.LD.QCAZ.M50993	0.8735519486730917
1734.LD.QCAZ.M51307	0.08438479797327347
1734.BD.ERD503	0.8603861154638484
1734.BD.ERD504	0.9261698399189783
1734.BD.ERD510	0.6658889264719949
1734.LD.NBS1047C	0.6909879108406003
1734.LD.Sl1	0.6829860095518068
1734.LD.Stulil2	0.886523392853797
1734.LD.DTS1222	0.8273088973018069
1734.LD.DTS1224	0.702081418156322
1734.LD.Glosor1	0.186904656481097
1734.LD.Glosor2	0.9266330128031288
1734.BD.NBS1051	0.4855088462194629
1734.LD.NBS1051E	0.7018783510461525
1734.LD.NBS1051F	0.6343784176109833
1734.LD.Ptepar1	0.8152694001966374
1734.LD.Ptepar2	0.7719271159480459
1734.BD.NBS1086	0.52684546801979
1734.LD.NBS1086E	0.737683958073032
11166.FD.0087.aardvark	0.8778937506964654
11166.FD.0088.aardvark	0.8335703698736452
11166.FD.0089.aardvark	0.9125004413001738
11166.FD.0090.aardvark	0.9165905000645925
11166.FD.0013.addax	0.9852046202895521
11166.FD.0014.addax	0.9841004527394632
11166.FD.0024.elephant	0.9711124413120076
11166.FD.0027.elephant	0.9213014361238954
11166.FD.0029.elephant	0.8982805367393489
11166.FD.0458.elephant	0.9466633663659251
11166.FD.0103.lion	0.9385244302790102
11166.FD.0271.lion	0.94701104187273
11166.FD.0280.lion	0.8607044432764097
11166.FD.0438.lion	0.9534785005458316
11166.FD.18943.lion	0.9520616064904162
11166.FD.0268.wilddog	0.8771356808201576
11166.FD.0007.bharal	0.9807748540750989
11166.FD.0008.bharal	0.9762934927207659
11166.FD.0482.colobus	0.9689209890251852
11166.FD.0403.blackbuck	0.9796249293673185
11166.FD.0451.blackbuck	0.9807010903812341
11166.FD.0189.monkey	0.8456261186589603
11166.FD.0192.monkey	0.7037109252117009
11166.FD.0259.monkey	0.8486986329062994
11166.FD.0277.monkey	0.4495737779929768
11166.FD.0493.wildebeest	0.9814318637462293
11166.FD.0153.wildebeest	0.9846103294811197
11166.FD.0156.wildebeest	0.696600026231474
11166.FD.0159.wildebeest	0.9805777827304203
11166.FD.0162.wildebeest	0.9823294929534964
11166.FD.0293.bongo	0.9763312818216872
11166.FD.0126.hyena	0.9732796738619139
11166.FD.0093.caracal	0.9200607071255926
11166.FD.0168.cheetah	0.9516767730158996
11166.FD.0077.eland	0.9785394591385623
11166.FD.0078.eland	0.9792946889154271
11166.FD.0048.dromedary	0.9657461523062495
11166.FD.18907.dromedary	0.7010393383357214
11166.FD.02770.gemsbok	0.9791009310200987
11166.FD.0475.tamarin	0.9249822838935791
11166.FD.0313.mangabey	0.9808316560639575
11166.FD.0316.mangabey	0.9828166488996094
11166.FD.0165.kudu	0.9830959253448305
11166.FD.01680.kudu	0.9782787222313715
11166.FD.0223.kudu	0.9823636530384626
11166.FD.0222.zebra	0.9880159242797932
11166.FD.02590.zebra	0.9672562174017232
11166.FD.0071.guanaco	0.9868926649501158
11166.FD.0072.guanaco	0.9858387513818365
11166.FD.0366.baboon	0.9440938652865887
11166.FD.0388.baboon	0.7583385812717137
11166.FD.0204.zebra	0.9855820379488565
11166.FD.0207.zebra	0.9775294882199973
11166.FD.02410.zebra	0.9776330729580128
11166.FD.01830.impala	0.9839819574793723
11166.FD.0238.impala	0.9834140953740894
11166.FD.0265.impala	0.978704579364508
11166.FD.0303.deer	0.9835482900727677
11166.FD.0496.deer	0.973393277839631
11166.FD.0108.jaguar	0.9115580016350295
11166.FD.0112.jaguar	0.8935685750885806
11166.FD.0440.jaguar	0.8990189625945098
11166.FD.0083.mousedeer	0.6095844283658878
11166.FD.0084.mousedeer	0.6251552735617312
11166.FD.0425.lutung	0.9824876707141371
11166.FD.0198.meerkat	0.8789027749152162
11166.FD.0500.meerkat	0.8235925482890867
11166.FD.0305.guenon	0.9408769793175675
11166.FD.0308.guenon	0.9860178354300433
11166.FD.0291.onager	0.9915091677029414
11166.FD.0292.onager	0.9876285662724386
11166.FD.0488.squirrel	0.9829608628379891
11166.FD.0142.loris	0.9570865313214647
11166.FD.0143.loris	0.9664116033840574
11166.FD.0241.wallaby	0.9739712380762665
11166.FD.0325.wallaby	0.9563222290047128
11166.FD.0019.antelope	0.9872328457500574
11166.FD.0020.antelope	0.9874905058828518
11166.FD.0171.antelope	0.962979343207281
11166.FD.0174.antelope	0.9794091607013073
11166.FD.0065.deer	0.99080576974091
11166.FD.0066.deer	0.9905692525706351
11166.FD.0045.ass	0.9792105115236048
11166.FD.0455.ass	0.9841931504296143
11166.FD.01980.springbok	0.8408828370226685
11166.FD.0226.springbok	0.9790627474609215
11166.FD.0492.springbok	0.9847655093590152
11166.FD.0147.capuchin	0.896724083352974
11166.FD.0247.capuchin	0.8179870597969132
11166.FD.0322.Vicugna	0.9882531514749288
11166.FD.03250.Vicugna	0.9869471001894385
11166.FD.0031.rhinoceros	0.9802087275861423
11166.FD.0034.rhinoceros	0.9767215588201359
11166.FD.18924.saki	0.9638440745960007
11166.FD.0186.marmoset	0.9352004883393209
11166.FD.0127.tamarin	0.904170824092327
11166.FD.0130.tamarin	0.9320033252830978
11166.FD.0133.tamarin	0.9773672869851457
11166.FD.0136.tamarin	0.9154744987668249
11166.FD.0099.wolf	0.7777860833155006
1056.Ory.afe.Cinci.1	0.9551887137603804
1056.Ory.afe.Cinci.2	0.9339934460760771
1056.Ory.afe.Cinci.3	0.9695404462703479
1056.Ory.afe.Colch.5	0.9560462660088418
1056.Ory.afe.Colch.6	0.9513520549795917
1056.Ory.afe.Colch.8	0.8823874980400355
1056.Ory.afe.Lond.1.1	0.9749152555744348
1056.Pro.cri.Cinci.1	0.9448883831057474
1056.Pro.cri.Cinci.2	0.9482994214283531
11166.elephant.Hous.19269	0.981753662791443
11166.elephant.Hous.24329	0.9848911048677135
11166.elephant.Hous.25332	0.969485537681118
11166.elephant.Hous.25695	0.9791996244757403
11166.elephant.Atl.861041	0.9828474955352257
11166.elephant.Atl.861004	0.9776681797427935
1056.Myr.tri.Mont.1.0	0.8501604952028945
1056.Myr.tri.Mont.2.0	0.87035289221724
1056.Myr.tri.Seat.1.04J06	0.9548882154609886
1056.Myr.tri.Seat.1.07C04	0.918563816935868
1056.Myr.tri.Seat.2.03G06	0.9589288880517608
1056.Myr.tri.Seat.24.04L12	0.9553539128779773
1056.Pri.max.Seat.2.02V07	0.9535862665413605
1056.Pri.max.Seat.2.13B02	0.985453050099157
1056.Cho.hof.Atlan.1.1	0.9545493758191173
1056.Cho.hof.Atlan.2	0.9619958009918653
1056.Cho.hof.Hous.1	0.9275836571999972
1056.Cho.did.SanDi.1	0.9705376367414198
1056.Cho.did.SanDi.2	0.9647071492600456
1056.Das.nov.Flor.2	0.8301939649859128
1056.Das.nov.Flor.4	0.9579212838827315
1056.Das.nov.Flori.1	0.9602605791238885
1056.Das.nov.Flori.9	0.9251416450289878
1056.Chae.vel.Cinci.1	0.9717019986213684
1056.Chae.vel.Cinci.3	0.9424737463377016
1056.Eup.sex.Cinci.1.1	0.9731538416782621
1056.Eup.sex.Mont.1.1	0.9623856835320581
1056.Tam.tet.tet.SanDi.1	0.9248193726338668
1056.Tam.tet.tet.SanDi.2	0.9564013573308587
1056.Tol.mat.Cinci.1	0.9500016665861315
1056.Tol.mat.Cinci.2	0.9806976191485816
1056.Tol.mat.Cinci.3	0.9602938714006917
1056.Mel.urs.ino.SanDi.1	0.8769059483318853
11166.Mac.par.SanDi22.1	0.9755195656225686
11166.Mac.par.SanDi9.3	0.9585177836573973
1736.B1.0610	0.9774143064092563
1736.B10.1109	0.9689761342893687
1736.B11.0709	0.9762172833857141
1736.B12.0611	0.9741289424870001
1736.B13b.1211	0.9689220146166507
1736.B15.1110	0.9756595983034351
1736.B16.0609	0.9656699429711977
1736.B17.0609	0.9728001704059666
1736.B18.0610	0.9642895757502843
1736.B20.1210	0.9744804836847134
1736.B24.0709	0.9649732507995176
1736.B25.0711	0.9680298289333158
1736.B26b.0711	0.9749549380749846
1736.B27.0510	0.9647762583464902
1736.B28b.1111	0.9750217593035445
1736.B3.1111	0.9794316448218972
1736.B30.0110	0.9588314568625382
1736.B32.0709	0.9697510080873804
1736.B33.1109	0.9838133660207742
1736.B35.0510	0.9694952413542146
1736.B39c.0611	0.9716504823731398
1736.B4.0710	0.982998573047259
1736.B40b.1109	0.96756365816642
1736.B44.0611	0.9740502875107613
1736.B46.0611	0.9605823781691023
1736.B5.1211	0.97675887457115
1736.B50b.0611	0.9748428330386402
1736.B57.0611	0.9738945553913075
1736.B7.0510	0.9800081850088113
1736.B8.1109	0.9767619513455464
1736.O11.1109	0.9723220869997407
1736.O12.1111	0.9620578098297025
1736.O14.0811	0.9816329585651187
1736.O15.1109	0.9777947219513061
1736.O16.0710	0.9687364614530461
1736.O17b.0611	0.9744274684951122
1736.O18.0211	0.9656159021901308
1736.O19.0510	0.9592932096969673
1736.O20.0610	0.9716556892221184
1736.O22.0709	0.9747969969892973
1736.O24.1109	0.976555491894376
1736.O26b.1110	0.9823537126904124
1736.O27.0611	0.9736293216599987
1736.O29b.0111	0.9752309010708555
1736.O31.1111	0.9782304405408417
1736.O32c.1111	0.9690652029635649
1736.O33.0810	0.9732003088608144
1736.O36.0809	0.9729394141703211
1736.O37.0611	0.9636611248568856
1736.O38.0711	0.9784200960703082
1736.O4.0211	0.9739242186521558
1736.O40.0610	0.9693722492700056
1736.O41.1109	0.9773656302604706
1736.O43.1109	0.9751897985205843
1736.O44.0210	0.979254848631575
1736.O45b.0709	0.975443908529075
1736.O48.1109	0.9811810671870886
1736.O49.0709	0.9672380723219489
1736.O50.1109	0.9728401684731212
1736.O6.0710	0.9756773489249533
1736.O7.1111	0.9677426633229755
1736.O8b.0610	0.9759588343364078
1736.O9.1211	0.9723392064880494
1736.R1.0811	0.9767344970509315
1736.R10.1011	0.9730960929895892
1736.R12.0410	0.9667110760919837
1736.R15d.1110	0.9766318590127302
1736.R16.0311	0.9533280541670077
1736.R17.0311	0.9738703356543914
1736.R18.0311	0.9686611199261574
1736.R19.0510	0.9732991600997585
1736.R2.0310	0.9626950965880348
1736.R20.0310	0.9702230957281157
1736.R21c.0411	0.9598673831343456
1736.R22.0511	0.976040092737136
1736.R23b.0311	0.9723893026865565
1736.R24b.0311	0.9749591982241489
1736.R26b.0410	0.9717344230900085
1736.R27b.1111	0.9703619450342144
1736.R29b.0410	0.9783140656911057
1736.R3.0410	0.9668581301298064
1736.R30.0910	0.9750886594237557
1736.R31b.0910	0.9742054673886568
1736.R32b.0311	0.9793581966946371
1736.R33.1011	0.9752371335112997
1736.R38.0510	0.9658132102097631
1736.R39b.0311	0.9795204768211399
1736.R40.0411	0.961118604722257
1736.R41.0311	0.959939726778489
1736.R42b.0310	0.9768114953024952
1736.R44b.0410	0.972737214868315
1736.R45c.1111	0.959518208686168
1736.R47.0411	0.9574002045266057
1736.R50b.0311	0.9677656996851237
1736.R51.0910	0.9850405256550719
1736.R6b.0410	0.9736915671727895
1736.R7b.0211	0.9708644848523099
1736.R8b.0411	0.9723089909856427
1736.W2.0811	0.9727653002961395
1736.W3.0910	0.9768668772416323
1736.Y10b.0911	0.9781263824529189
1736.Y11.0811	0.9791866073532935
1736.Y12.0310	0.9714463107798539
1736.Y14.0910	0.9742980861871566
1736.Y15c.1010	0.9754984226600489
1736.Y17.0310	0.9683798711896565
1736.Y21b.0411	0.9609504077219149
1736.Y24b.0310	0.9651633007872401
1736.Y27.0510	0.9782932382951909
1736.Y28.0910	0.9754136930266684
1736.Y2b.0911	0.9788784565637361
1736.Y30c.0311	0.9691760457334903
1736.Y31d.1111	0.9766462172932472
1736.Y33b.0510	0.9755988517320169
1736.Y35d.1011	0.9722218157110751
1736.Y36.0810	0.967477587374969
1736.Y37b.0310	0.9752454960263262
1736.Y39b.0511	0.978337575403161
1736.Y4.0910	0.9614153951140428
1736.Y40.0711	0.9694535076707339
1736.Y42.0510	0.9755478088336954
1736.Y43b.0811	0.9806950946157434
1736.Y45.0310	0.9701382872030839
1736.Y46b.0311	0.9797730089966067
1736.Y47.0511	0.9718605708402651
1736.Y6.0410	0.9688849355405903
1736.Y9.1110	0.9801628915367995
2182.VHBBC0005	0.9855410142902364
2182.VHBBC0006	0.9829022463411532
2182.NKF0001	0.9777144891420434
2182.NKF0002	0.9723412576709805
2182.NKF0003	0.9745446225971329
2182.VHBBC0001	0.9815851502244961
2182.VHBBC0002	0.9832843186078779
2182.NKF0004	0.9845898176518098
2182.VHBJ0018	0.9855071697718749
2182.VHBJ0020	0.9757941874603693
2182.VHMAH0001	0.9782492167538255
2182.VHPBC0007	0.9804958931964827
2182.VHPBC0026	0.9815176978627266
2182.VHYGP0001	0.9806169129894118
2182.VHBJ0019	0.9791761147636849
2182.VHBJ0024	0.9712428492114287
2182.VHPBC0013	0.9858974467703238
2182.VHPBC0022	0.93794086873514
2182.CPZF0A	0.9628197453969187
2182.CPZF12A	0.9657446533648768
2182.CPZF12B	0.9673396058770336
2182.CPZF12C	0.9608464285256433
2182.CPZF12D	0.9675545067348816
2182.CPZF24A	0.9780487530681456
2182.CPZF24B	0.9694847487646061
2182.CPZF24C	0.9815264548360089
2182.CPZF24D	0.9769970484660998
2182.CPZF2C	0.9743237259737941
2182.CPZF2D	0.9750545782304405
2182.CPZFOB	0.9633128182168712
2182.CPZFOD.b	0.972276329842049
2182.CPZX12B	0.9786095938164724
2182.CPZX24A	0.9566183093716378
2182.CPZX24C	0.9724437379258793
2182.CPZX24D	0.9754015437123847
2182.CPZXOA	0.965626236996437
2182.CPZXOB	0.9651446823575587
2182.CPZXOC	0.9650840935694429
2182.CPZXOD	0.9696017450833244
2182.Z0A	0.9438859857856967
2182.Z0B	0.9466823003622113
2182.Z120A	0.9653351268035371
2182.Z180B	0.9557898681424665
2182.Z1EA	0.957327308640904
2182.Z1EB	0.962404459745042
2182.Z1FA	0.9694069615965304
2182.Z1FB	0.9721445807845578
2182.Z1RA	0.9703887681956197
2182.Z1RB	0.9661327213970923
2182.Z220A	0.9494967600185001
2182.Z220B	0.9465376130739245
2182.Z280A	0.9486228771982419
2182.Z2EA	0.9438866958105575
2182.Z2EB	0.9445444155065486
2182.Z2FA	0.9608336480781501
2182.Z2FB	0.9720128317270664
2182.Z2RA	0.9696023762165339
2182.Z2RB	0.9652367489145002
2182.Z420A	0.9296240319747863
2182.Z420B	0.9471756098571174
2182.Z480A	0.9405737987020351
2182.Z480B	0.9485087209789665
2182.Z4EA	0.9439764745096144
2182.Z4EB	0.9486773913292158
2182.Z4FA	0.9608250488881701
2182.Z4FB	0.9723810190631814
2182.Z4RA	0.9708984082623227
2182.Z4RB	0.9737296718403154
2182.Z820A	0.9453289929776569
2182.Z820B	0.9439375809255766
2182.Z880A	0.9595964692041509
2182.Z880B	0.9485292328082765
2182.Z8EB	0.9496114684793339
2182.Z8FA	0.9673208296640498
2182.Z8FB	0.9687727516125947
2182.Z8RA	0.9804428780068813
2182.Z8RB	0.9764470947656375
2182.ZF0A.a	0.9711300341502235
2182.ZF0C	0.9727614346052311
2182.ZF0CN	0.9706243386660802
2182.ZF0D	0.9706719892234005
2182.ZF0DN	0.9712181561246054
2182.ZF12A	0.980711740754145
2182.ZF12B	0.9698949853508065
2182.ZF12C.a	0.969474887308207
2182.ZF12CN	0.966158045617125
2182.ZF12D	0.9661147341006204
2182.ZF12DN	0.9729469877688356
2182.ZF24A	0.9792685757788825
2182.ZF24B	0.9634613711960665
2182.ZF24C	0.9793560666200548
2182.ZF24CN	0.9737037164870731
2182.ZF24D.b	0.9704492780920843
2182.ZF24DN	0.9783912217259718
2182.ZF2A	0.9765423169886268
2182.ZF2B.b	0.9675881934699408
2182.ZF2C	0.9691322608670784
2182.ZF2CN	0.9688085684222361
2182.ZF2D	0.9648106551064101
2182.ZF2DN	0.9763454034272505
2182.ZX0A	0.9493134947127801
2182.ZX0B	0.9542311268982071
2182.ZX0C	0.9571457000598591
2182.ZX0CN	0.8687091057729952
2182.ZX0D	0.9588932290254218
2182.ZX0DN	0.9568846475860634
2182.ZX12B	0.9779836674559119
2182.ZX12C	0.9678867194780528
2182.ZX12CN	0.9515744505443031
2182.ZX12D	0.9756117110711613
2182.ZX12DN	0.9548054581188877
2182.ZX24C	0.959421803088411
2182.ZX24CN	0.9506885761930637
2182.ZX24D	0.9772423226096569
2182.ZX24DN	0.9689810255717426
2182.ZX2A	0.9563964660484848
2182.ZX2B	0.9659225540383157
2182.ZX2C	0.9750042453569798
2182.ZX2CN	0.9679253763871372
2182.ZX2D	0.9718284619382298
2182.ZX2DN	0.9683527324616463
2182.VHBBC0003	0.9323075314900956
2182.VHBBC0004	0.9767717339102943
2182.VHBJ0006	0.9737917595698038
2182.VHBJ0007	0.9758662944295591
2182.VHBJ0021	0.9698551450669544
2182.VHBJ0023	0.9769321995288196
11166.artic.squirrel.593	0.9793817064066924
11166.artic.squirrel.636	0.9786941656665507
11166.artic.squirrel.645	0.9301998621368395
11166.artic.squirrel.648	0.9817875073098046
11166.artic.squirrel.651	0.9813437417718474
11166.artic.squirrel.655	0.9869586972621639
11166.artic.squirrel.659	0.9843858038418262
11166.artic.squirrel.665	0.9803773190447405
11166.artic.squirrel.673	0.9878160917273229
11166.artic.squirrel.8739	0.9821601125783862
11166.artic.squirrel.8832	0.982885363527798
11166.artic.squirrel.8840	0.9777829670952785
11166.artic.squirrel.8844	0.9805105670436044
11166.artic.squirrel.8846	0.9683591226853929
11166.artic.squirrel.8850	0.977523255779553
11166.artic.squirrel.8851	0.9740134451096545
11166.artic.squirrel.8852	0.9862713931969757
11166.artic.squirrel.8853	0.9850902273953231
11166.artic.squirrel.9074	0.9921829024041244
11166.artic.squirrel.9525	0.9730747133521161
11166.artic.squirrel.9532	0.9869441023066933
11166.artic.squirrel.9540	0.9767729961767133
11166.artic.squirrel.9555	0.983016560343731
11166.artic.squirrel.9561	0.9888455488837324
11166.artic.squirrel.9569	0.9847413685137503
11166.artic.squirrel.9592	0.9810758257243979
11166.artic.squirrel.9599	0.977237431327283
11166.artic.squirrel.9674	0.99208799574774
11166.NATL.24720.bear	0.9770312085510661
11166.NATL.24722.bear	0.9283556120069149
11166.NATL.25178.bear	0.6472376778636928
11166.NATL.24659.howler	0.9323966001642918
11166.NATL.24716.caracal	0.951213600131749
11166.NATL.24629.chinchilla	0.7365550974361199
11166.NATL.24264.degu	0.9146294902909031
11166.NATL.24580.degu	0.9403629213183978
11166.NATL.24739.marmoset	0.9383214420604922
11166.NATL.25062.anteater	0.9680557053949069
11166.NATL.25080.anteater	0.48782037159940006
11166.NATL.24687.tamarin	0.948148107241366
11166.NATL.24743.tamarin	0.9683190457265872
11166.NATL.24679.tamarin	0.9469886366437914
11166.NATL.24709.tamarin	0.9447784081439852
11166.NATL.25074.tamarin	0.9370983847920564
11166.NATL.24270.tenrec	0.9635457063711912
11166.NATL.24586.tenrec	0.9527499361470698
11166.NATL.24758.tenrec	0.9440541038943877
11166.NATL.24714.lion	0.9067329882481024
11166.NATL.24674.meerkat	0.9662440375169248
11166.NATL.24246.nakedmolerat	0.9588006891185732
11166.NATL.24287.nakedmolerat	0.9167168055981516
11166.NATL.24630.nakedmolerat	0.7481079119450835
11166.NATL.24652.saki	0.9794951526011071
11166.NATL.24732.saki	0.9316984879428903
11166.NATL.24747.saki	0.945058000155811
11166.NATL.24735.porcupine	0.9219733563171011
11166.NATL.24240.squirrel	0.9126670604674922
11166.NATL.24248.squirrel	0.9566018999081899
11166.NATL.24622.squirrel	0.9244901577734409
11166.NATL.24754.squirrel	0.5816483424371012
11166.NATL.24654.phorse	0.9030219249760121
11166.NATL.24666.phorse	0.9212754018790019
11166.NATL.24711.phorse	0.7638326747524036
11166.NATL.24748.lemur	0.9707212176137445
11166.NATL.24660.hyrax	0.9109787791319749
11166.NATL.24671.sandcat	0.5073746140472501
11166.NATL.24672.sandcat	0.9353389431871635
11166.NATL.24359.shrew	0.9430853144177451
11166.NATL.24364.shrew	0.9642104474241383
11166.NATL.24589.shrew	0.9608949468911265
11166.NATL.24625.shrew	0.9680941256290376
11166.NATL.24632.shrew	0.8990375810241912
11166.NATL.24665.bear	0.9297826830853342
11166.NATL.24710.bear	0.9391572991048756
11166.NATL.24729.bear	0.8091602674032518
11166.NATL.25024.bear	0.9688444641235285
11166.NATL.24752.tamandua	0.964027024335116
11166.NATL.24718.tiger	0.9664377165206021
11166.NATL.24719.tiger	0.9887764397972879
11166.NATL.24740.armadillo	0.9434174482692651
11166.NATL.24658.armadillo	0.9060166520552754
11166.NATL.24678.titi	0.9414365577994752
11166.NATL.24708.titi	0.9550398452145803
11166.NATL.24686.sloth	0.9453073766652301
11166.NATL.25058.sloth	0.9670176490485174
10171.Mong.DOM1.ETOH	0.9504418819997851
10171.Mong.DOM11	0.9831956443919376
10171.Mong.DOM12	0.9774985626927298
10171.Mong.DOM13	0.9844865484803988
10171.Mong.DOM14	0.9874232901960359
10171.Mong.DOM15.ETOH	0.9772106081658776
10171.Mong.DOM16	0.9835142877711037
10171.Mong.DOM2.ETOH	0.962202339334687
10171.Mong.DOM21	0.973692592764255
10171.Mong.DOM22	0.98325930995445
10171.Mong.DOM23	0.9607043446618457
10171.Mong.DOM24.ETOH	0.96053062524592
10171.Mong.DOM25	0.9828710841389321
10171.Mong.DOM27	0.9817534261164894
10171.Mong.DOM28	0.9836540048853655
10171.Mong.DOM29	0.9630965762009528
10171.Mong.DOM3	0.9759752437998558
10171.Mong.DOM30	0.9776150067698898
10171.Mong.DOM31.ETOH	0.9661012436282664
10171.Mong.DOM32	0.9477011860373611
10171.Mong.DOM35	0.9825752404469607
10171.Mong.DOM36	0.9607558609100744
10171.Mong.DOM4	0.9749705586219206
10171.Mong.DOM5	0.9826340936187502
10171.Mong.DOM8.ETOH	0.9710309462363259
10171.Mong.DOM9.ETOH	0.974014865159376
10171.USA.DOM.Abby.2.15.ETOH	0.9324852743802321
10171.USA.DOM.Amper.2.15.RNAlater	0.987638979970396
10171.USA.DOM.Cappi.2.15.RNAlater	0.9848383263530658
10171.USA.DOM.Scout.2.15.ETOH	0.988306561122786
10171.USA.DOM.Velvet.2.15.ETOH	0.9798238941116257
10171.Przw.2SH.ETOH1	0.983701813225988
10171.Przw.3AS.RNAL1	0.9711498359546727
10171.Przw.3CA.ETOH1	0.9779046180214171
10171.Przw.3CH.RNAL1	0.9755740797535425
10171.Przw.3DI.ETOH1	0.9768462076290199
10171.Przw.3HA.RNAL1	0.9581271910923437
10171.Przw.3KD.RNAL1	0.9770207948531087
10171.Przw.3SR.RNAL1	0.9837291886289519
10171.Przw.3TA.RNAL1	0.986515089507509
10171.Przw.3YO.RNAL1	0.9833177686679835
10171.Przw.5AS.RNAL2	0.9816230971087196
10171.Przw.5BR.ETOH1	0.9820166086648673
10171.Przw.5CA.RNAL2	0.9768061306702142
10171.Przw.5CL.RNAL1	0.9856075199521916
10171.Przw.5CM.RNAL1	0.9807402995318767
10171.Przw.5HS.RNAL1	0.9776030941305598
10171.Przw.5KH.RNAL1	0.9814604225239608
10171.Przw.5KL.ETOH1	0.9628392316347633
10171.Przw.5NA.RNAL1	0.9749574626078227
10171.Przw.5PX.ETOH1	0.972022062050256
10171.Przw.5SH.RNAL2	0.9822070531108458
10171.Przw.5SR.RNAL1	0.98806136587088
10171.Przw.5SS.RNAL1	0.9551330162546385
10171.Przw.5UH.ETOH1	0.9751923230534225
10171.Przw.6AH.ETOH1	0.9596668405570145
10171.Przw.6AR.RNAL1	0.9840498042993978
10171.Przw.6BI.RNAL1	0.9811425680613067
10171.Przw.6CH.RNAL2	0.9803127856740651
10171.Przw.6CI.ETOH1	0.950866240191549
10171.Przw.6CL.RNAL2	0.973491261270412
10171.Przw.6CR.RNAL2	0.9845001967360552
10171.Przw.6DI.ETOH2	0.9745621365436976
10171.Przw.6GH.ETOH1	0.9787308502843551
10171.Przw.6HA.RNAL2	0.9768927537032234
10171.Przw.6HS.ETOH2	0.9497674372737412
10171.Przw.6LI.RNAL1	0.9704607173815072
10171.Przw.6UL.RNAL1	0.981498211624882
10171.Przw.6YO.ETOH2	0.9651038953738922
10171.Przw.7BG.RNAL2	0.983465611622318
10171.Przw.7ED.ETOH1	0.9142062365822559
10171.Przw.7KH.RNAL2	0.9750103989057728
10171.Przw.7MY.ETOH2	0.954299604851442
10171.Przw.7SD.RNAL2	0.9734447151962085
10171.Przw.7VE.ETOH2	0.9520671289059996
10171.Przw.8BI.RNAL2	0.9866160708210353
10171.Przw.8CI.RNAL2	0.968737250369558
10171.Przw.8GH.RNAL2	0.9827286847085299
10171.Przw.8KL.RNAL2	0.9844934909457038
10171.Przw.8LI.RNAL2	0.971969993560469
10171.Przw.8PX.RNAL2	0.9803010308180374
10171.Przw.8SS.RNAL2	0.9802411520547823
10171.Przw.8SY.RNAL1	0.9855679952349443
10171.Przw.8UH.RNAL2	0.9829648074205487
10171.Przw.9AH.RNAL2	0.9802976384770361
10171.Przw.9CH.RNAL3	0.9852947145552138
10171.Przw.9KD.RNAL2	0.974691439960002
10171.Przw.9SH.RNAL3	0.983010012336682
10171.Przw.9SY.RNAL3	0.9821099374882278
10171.Przw.9UH.RNAL4	0.9834660849722252
10171.Przw.9UL.RNAL2	0.9836113245020704
10171.Przw.unknown1	0.9770843815239697
10171.Przw.unknown2	0.98261886753007
10171.Przw.unknown3	0.980024121122352
10171.Unknown1.ETOH	0.9713054891824754
10171.Unknown2.ETOH	0.9767364693422113
10171.Unknown3.ETOH	0.9556645093087217
11166.USDA.46000	0.9683046085544189
11166.USDA.46001	0.8901656626060477
11166.USDA.46002	0.9228963886360521
11166.USDA.46003	0.29783688953886844
11166.USDA.46004	0.974835417223428
11166.USDA.46005	0.9738810649189537
11166.USDA.46006	0.962010869297243
11166.USDA.46007	0.9739606665950068
11166.USDA.46008	0.8821542943191109
11166.USDA.46010	0.38087129911868167
11166.USDA.46011	0.9133170487816664
11166.USDA.46012	0.96904966130828
11166.USDA.46013	0.3246799316403842
11166.USDA.46014	0.9634696548194417
11166.USDA.46015	0.6551217150256052
11166.USDA.46016	0.9422272099277254
11166.USDA.46021	0.4297475171318149
11166.USDA.46024	0.7403605940146877
11166.USDA.46027	0.810112489633144
11166.USDA.46030	0.9763790901623097
11166.AR.M1.flyingsquirrel	0.9790155702535085
11166.AR.M10.flyingsquirrel	0.9496311913921319
11166.AR.M11.flyingsquirrel	0.9745525906539033
11166.AR.M12.flyingsquirrel	0.9621813541554698
11166.AR.M13.flyingsquirrel	0.9722689929184881
11166.AR.M17.flyingsquirrel	0.9474390290804487
11166.AR.M18.flyingsquirrel	0.9566732968525189
11166.AR.M22.flyingsquirrel	0.9602251567725031
11166.AR.M23.flyingsquirrel	0.9684771445955768
11166.AR.M24.flyingsquirrel	0.9683495767955986
11166.AR.M25.flyingsquirrel	0.9520441714355026
11166.AR.M27.flyingsquirrel	0.9073399017207255
11166.AR.M28.flyingsquirrel	0.9412921860777931
11166.AR.M3.flyingsquirrel	0.9771538850686703
11166.AR.M30.flyingsquirrel	0.9538075576229551
11166.AR.M31.flyingsquirrel	0.9240631172655365
11166.AR.M32.flyingsquirrel	0.8790597693010891
11166.AR.M35.flyingsquirrel	0.9440165514684201
11166.AR.M36.flyingsquirrel	0.960219792140222
11166.AR.M4.flyingsquirrel	0.9788097419355475
11166.AR.M40.flyingsquirrel	0.9675037794031649
11166.AR.M41.flyingsquirrel	0.9606362611668667
11166.AR.M42.flyingsquirrel	0.965910010265776
11166.AR.M44.flyingsquirrel	0.9575478896976379
11166.AR.M49.flyingsquirrel	0.9680232020346157
11166.AR.M5.flyingsquirrel	0.9821865412815357
11166.AR.M50.flyingsquirrel	0.9614161840305547
11166.AR.M51.flyingsquirrel	0.9540533840080706
11166.AR.M52.flyingsquirrel	0.9741638914884784
11166.AR.M53.flyingsquirrel	0.9826755117356262
11166.AR.M55.flyingsquirrel	0.9807418773649005
11166.AR.M56.flyingsquirrel	0.9689134943183219
11166.AR.M58.flyingsquirrel	0.963932748811941
11166.AR.M59.flyingsquirrel	0.9480700045066855
11166.AR.M62.flyingsquirrel	0.9752596965235407
11166.AR.M63.flyingsquirrel	0.9736533836136123
11166.AR.M64.flyingsquirrel	0.9831502028008509
11166.AR.M65.flyingsquirrel	0.9170151738229612
11166.AR.M66.flyingsquirrel	0.9834694773132264
11166.AR.M67.flyingsquirrel	0.9711576462281408
11166.AR.M7.flyingsquirrel	0.9429529342270443
11166.AR.M71.flyingsquirrel	0.9741290213786513
11166.AR.M72.flyingsquirrel	0.9788510811607724
11166.AR.M78.flyingsquirrel	0.9586049589319648
11166.AR.M8.flyingsquirrel	0.9496508354132789
11166.AR.M83.flyingsquirrel	0.9623059240727025
11166.AR.M9.flyingsquirrel	0.970900617228556
11166.TS.135.aardvark	0.859031940271131
11166.TS.137.aardvark	0.917837224828386
11166.TS.174.aardvark	0.9548409593619244
11166.TS.175.aardvark	0.9580983167480073
11166.TS.207.wilddog	0.9351043194165174
11166.TS.208.wilddog	0.9364887890032928
11166.TS.209.wilddog	0.9420490725793329
11166.TS.210.wilddog	0.9055993152204677
11166.TS.059.wildebeest	0.982371147745326
11166.TS.088.wildebeest	0.9794810309955436
11166.TS.177.hyena	0.9675280780317321
11166.TS.082.pangolin	0.8729308347032539
11166.TS.083.pangolin	0.8431286456571625
11166.TS.112.pangolin	0.6156648445982393
11166.TS.113.pangolin	0.6928116491412151
11166.TS.114.pangolin	0.6342786985638762
11166.TS.115.pangolin	0.6317220568236841
11166.TS.116.pangolin	0.36152927521253886
11166.TS.117.pangolin	0.773117117614632
11166.TS.118.pangolin	0.9255041521662168
11166.TS.119.pangolin	0.12451832209291658
11166.TS.120.pangolin	0.9698087567760533
11166.TS.121.pangolin	0.9402189440549718
11166.TS.124.pangolin	0.4376506460733163
11166.TS.126.pangolin	0.8661452060008934
11166.TS.127.pangolin	0.9084728647234995
11166.TS.129.pangolin	0.890985899103495
11166.TS.065.baboon	0.9502305312662406
11166.TS.086.baboon	0.9626698512596531
11166.TS.031.cheetah	0.7290742755034519
11166.TS.032.cheetah	0.9199396084410122
11166.TS.100.eland	0.9655643859419022
11166.TS.152.eland	0.9839991558593323
11166.TS.153.eland	0.9785251797496965
11166.TS.027.Fourstripedgrassmouse	0.9352248658595393
11166.TS.028.Fourstripedgrassmouse	0.9773444084062999
11166.TS.061.gemsbok	0.9814388062115341
11166.TS.157.gemsbok	0.9848440854436028
11166.TS.166.giraffe	0.9791111080431024
11166.TS.182.giraffe	0.970704177017087
11166.TS.168.impala	0.979101877719913
11166.TS.170.impala	0.9741933180743731
11166.TS.172.impala	0.981723289505734
11166.TS.063.kudu	0.9721217022057119
11166.TS.142.kudu	0.9711716889420531
11166.TS.143.kudu	0.6340320043705976
11166.TS.145.kudu	0.9847906757957455
11166.TS.099.zebra	0.9841221479435411
11166.TS.176.zebra	0.9917722713596681
11166.TS.150.zebra	0.9803450523594027
11166.TS.151.zebra	0.9873317758806527
11166.TS.067.porcupine	0.9502019724885089
11166.TS.069.porcupine	0.9510646526942979
11166.TS.085.porcupine	0.9699933632398434
11166.TS.096.rockrabbit	0.9333305195311075
11166.TS.098.rockrabbit	0.9088595915976447
11166.TS.159.antelope	0.981597851780338
11166.TS.161.antelope	0.9731229161509947
11166.TS.049.springbok	0.9584558537112112
11166.TS.050.springbok	0.9623898647895713
11166.TS.051.springbok	0.9543636648722104
11166.TS.038.warthog	0.9807679905014453
11166.TS.040.warthog	0.9622549600660323
11166.TS.042.warthog	0.9692670866989662
11166.TS.057.warthog	0.9737915228948503
11166.TS.002.rhinoceros	0.9357523354394117
11166.TS.003.rhinoceros	0.9188355197825746
11166.TS.146.rhinoceros	0.9781424763497621
11166.TS.004.mongoose	0.9719326778094549
11166.TS.078.mongoose	0.9583635504793161
11166.TS.080.mongoose	0.9284072860384458
11166.vbat.DR07.colon.vbat	0.4849828755809631
11166.vbat.DR09.colon.vbat	0.37673406314685
11166.vbat.DR1.anal.vbat	0.7383917739675301
11166.vbat.DR10.colon.vbat	0.722699751195455
11166.vbat.DR11.colon.vbat	0.5026745650358118
11166.vbat.DR12.colon.vbat	0.6487535020497038
11166.vbat.DR14.colon.vbat	0.09527334477919713
11166.vbat.DR15.colon.vbat	0.509927863446441
11166.vbat.DR16.colon.vbat	0.5055963173377224
11166.vbat.DR17.colon.vbat	0.15615111301327644
11166.vbat.DR18.colon.vbat	0.6089894275325947
11166.vbat.DR19.colon.vbat	0.2647196733096726
11166.vbat.DR20.colon.vbat	0.6061957163805693
11166.vbat.DR21.colon.vbat	0.3187490150870421
11166.vbat.DR25.colon.vbat	0.07403626451976197
11166.vbat.DR26.colon.vbat	0.787913956820627
11166.vbat.DR27.colon.vbat	0.19008627788203525
11166.vbat.DR28.colon.vbat	0.05917039511897337
11166.vbat.DR4.anal.vbat	0.9283793583939237
11166.vbat.DR5.anal.vbat	0.49976866995579117
11166.vbat.J3.anal.bat	0.3211477946331981
11166.vbat.J4.anal.bat	0.10165118253654426
11166.ZU.18239.elephant	0.9874388318513208
11166.ZU.18240.elephant	0.9836936873859152
11166.ZU.18243.elephant	0.9599437502526998
11166.ZU.18245.elephant	0.9854831867099124
11166.ZU.18255.elephant	0.9862348663624736
11166.ZU.18257.anteater	0.9631831203423109
11166.ZU.18269.anteater	0.8424816552257337
11166.ZU.18265.horse	0.9879251199892707
11166.ZU.18190.lion	0.832162232791512
11166.ZU.18230.mousedeer	0.5395773182558239
11166.ZU.18242.sloth	0.9723888293366494
11166.ZU.18254.sloth	0.9325736330295676
11166.ZU.18195.wolf	0.9239615837104519
11166.ZU.18200.redpanda	0.977140236813014
11166.ZU.18234.redpanda	0.9890671555319319
11166.ZU.18214.lemur	0.8081774352126968
11166.ZU.18237.lemur	0.9098153639518406
11166.ZU.18253.lemur	0.7887017688494343
11166.ZU.18217.lemur	0.976136024984986
11166.ZU.18232.lemur	0.9716399897835312
11166.ZU.18248.hyrax	0.9758689767456996
11166.ZU.18197.tapir	0.9507105080720951
11166.ZU.18208.tapir	0.9289842995752671
11166.ZU.18252.tamandua	0.9189005265031571
11166.ZU.18210.bear	0.8529563364295019
11166.ZU.18202.orangutan	0.8178457648496276
11166.ZU.18268.orangutan	0.9762612260354283
2300.BB.4067.colon	0.8392597990826873
2300.BB.2213.colon	0.7750518564684743
2300.BB.4021.colon	0.6298898771163919
2300.BB.4064.colon	0.7734752068193944
2300.BB.4087.colon	0.7341066950413638
2300.BB.4085.colon	0.7684618001694198
2338.0701.13.I	0.8561843461213413
2338.0620.8.I	0.8220085617164457
2338.0623.9.I	0.857384051461024
2338.0627.2.I	0.8362503981563021
2338.0627.22.I2	0.1779478506462706
2338.0701.17.I	0.0114750273408879
11166.SCC14.2F	0.9629374517404977
11166.SCC14.9F	0.8121197299144322
11166.SCC14.15F	0.6853588337447204
11815.PWW.3405.FecalFTA	0.645274380232119
11815.PWW.3406.FecalFTA	0.6810074858315526
11815.PWW.3427.FecalFTA	0.7229573324365983
11815.PWW.3407.FecalFTA	0.3472319779418942
11815.PWW.3414.FecalFTA	0.42885257024068857
11815.PWW.3410.FecalFTA	0.5443508942861734
11815.PWW.3409.FecalFTA	0.5651995120551374
11815.PWW.3411.FecalFTA	0.7182178375995637
11815.JCK.10382.FecalFTA	0.6040575948499529
11815.PWW.3442.FecalFTA	0.4829068417798352
11815.JCK.10363.FecalFTA	0.6922741603216412
11815.JCK.10286.FecalFTA	0.6873733320579183
11815.JCK.10360.FecalFTA	0.3806931617702892
11815.JCK.10329.FecalFTA.1	0.17814413307443722
11815.PWW.3525.FecalFTA	0.5044541240117588
11815.PWW.3506.FecalFTA	0.6758418971864278
11815.PWW.3612.FecalFTA	0.7781022021618285
11815.PWW.3520.FecalFTA	0.7121453105323312
11815.PWW.3399.FecalFTA	0.6412315775667645
11815.PWW.3395.FecalFTA	0.46905291558889173
11815.PWW.3603.FecalFTA	0.6325139712183533
11815.PWW.3510.FecalFTA	0.6277324271312335
11815.PWW.3517.FecalFTA	0.5363971169046071
11815.PWW.3511.FecalFTA	0.5060283280196519
11815.PWW.3508.FecalFTA	0.2141994321773404
11815.PWW.3404.FecalFTA	0.6563490324432054
11815.PWW.3609.FecalFTA	0.6801066220665866
11815.PWW.3532.FecalFTA	0.2674340983522493
11815.PWW.3513.FecalFTA	0.5564848246978203
11815.PWW.3401.FecalFTA	0.3232418946224491
11815.PWW.3521.FecalFTA	0.6144761051980723
11815.PWW.3611.FecalFTA	0.7320532242524769
11815.PWW.3515.FecalFTA	0.8887707004296637
11815.PWW.3528.FecalFTA	0.3040799803559787
11815.PWW.3524.FecalFTA	0.7827532594578763
11815.PWW.3398.FecalFTA	0.6099722597231495
11815.PWW.3605.FecalFTA	0.3222465975510058
11815.PWW.3530.FecalFTA	0.07763467051394923
11815.PWW.3516.FecalFTA	0.5136547050487699
11815.PWW.3403.FecalFTA	0.013841461310055037
11815.PWW.3529.FecalFTA	0.7808328788845509
11815.PWW.3402.FecalFTA	0.7621739777860833
11815.PWW.3522.FecalFTA	0.6712042514710826
11815.PWW.3613.FecalFTA	0.2576424610645046
11815.PWW.3396.FecalFTA	0.41627945000685385
11815.PWW.3397.FecalFTA	0.1237497596270003
11815.PWW.3606.FecalFTA	0.5706113215436335
11815.PWW.3531.FecalFTA	0.7122044003790744
11815.PWW.3604.FecalFTA	0.8481798414080582
11815.PWW.3599.FecalFTA	0.9573538162357046
11815.PWW.3614.FecalFTA	0.8601958288011723
11815.PWW.3559.FecalFTA	0.3311135457951241
11815.PWW.3555.FecalFTA	0.035362945972038706
11815.PWW.3580.FecalFTA	0.4634202883687081
11815.PWW.3583.FecalFTA	0.5663426520809152
11815.PWW.3584.FecalFTA	0.4890737232618938
11815.PWW.3586.FecalFTA	0.7412879653744543
11815.PWW.3558.FecalFTA	0.637921915015941
11815.PWW.3582.FecalFTA	0.626548105663533
11815.PWW.3581.FecalFTA	0.26769562417595194
11815.PWW.3579.FecalFTA	0.7114870385947818
11815.PWW.3560.FecalFTA	0.8045092101072039
11815.PWW.3587.FecalFTA	0.6703913518971962
11815.PWW.3552.FecalFTA	0.01659785671106606
11815.PWW.3553.FecalFTA	0.6194812282246717
11815.PWW.3415.FecalFTA	0.8532311949422563
11815.PWW.3422.FecalFTA	0.7841389124194196
11815.PWW.3417.FecalFTA	0.862959797800698
11815.PWW.3419.FecalFTA	0.8094504308963373
11815.PWW.3416.FecalFTA	0.38757464382884843
11815.PWW.3421.FecalFTA	0.6462362272434566
11815.PWW.3418.FecalFTA	0.8948397562642436
11815.PWW.3420.FecalFTA	0.9040440452088607
11815.PWW.3423.FecalFTA	0.8427662174115846
11815.PWW.3497.FecalFTA	0.020921987004572706
11815.PWW.3502.FecalFTA	0.4114291123998939
11815.PWW.3429.FecalFTA	0.5318408873732927
11815.PWW.3426.FecalFTA	0.49182215060613454
11815.PWW.3444.FecalFTA	0.4254453187173399
11815.PWW.3499.FecalFTA	0.5112391215809098
11815.PWW.3438.FecalFTA	0.6850209408026633
11815.PWW.3431.FecalFTA	0.8244369256317989
11815.PWW.3501.FecalFTA	0.4561467936953738
11815.PWW.3386.FecalFTA	0.746662301328634
11815.PWW.3428.FecalFTA	0.554439400857355
11815.PWW.3481.FecalFTA.2	0.29370770051545847
11815.PWW.3437.FecalFTA	0.6249380848459987
11815.PWW.3494.FecalFTA	0.024062584746890936
11815.PWW.3495.FecalFTA	0.42139872925272837
11815.PWW.3491.FecalFTA	0.28072986611100637
11815.PWW.3487.FecalFTA	0.522439605975648
11815.PWW.3448.FecalFTA	0.2786882290697984
11815.PWW.3498.FecalFTA	0.04977944852763516
11815.PWW.3492.FecalFTA	0.026387995057438163
11815.PWW.3449.FecalFTA	0.3123068017423223
11815.PWW.3485.FecalFTA	0.15141161817624182
11815.PWW.3451.FecalFTA	0.6822242317678929
11815.PWW.3505.FecalFTA.2	0.39682161315676046
11815.PWW.3486.FecalFTA	0.5231799252304375
11815.PWW.3503.FecalFTA	0.6885715384562284
11815.PWW.3480.FecalFTA	0.8165643277593095
11815.PWW.3489.FecalFTA	0.07709102814558266
11815.PWW.3488.FecalFTA	0.44921466319674896
11815.PWW.3484.FecalFTA	0.21998676592551247
11815.PWW.3450.FecalFTA.1	0.500078635253326
11815.PWW.3452.FecalFTA	0.24708525919358915
11815.PWW.3456.FecalFTA	0.6061125645802126
11815.PWW.3454.FecalFTA	0.5946096884864538
11815.PWW.3496.FecalFTA	0.6219458822995734
11815.PWW.3458.FecalFTA	0.6187102990092195
11815.PWW.3482.FecalFTA	0.5125490385573084
11815.PWW.3483.FecalFTA	0.6364431699059908
11815.PWW.3590.FecalFTA	0.3281690726976706
11815.PWW.3593.FecalFTA	0.764153132639547
11815.PWW.3568.FecalFTA	0.5391612436874351
11815.PWW.3588.FecalFTA	0.07532511742529213
11815.PWW.3569.FecalFTA	0.6050703269763098
11815.PWW.3572.FecalFTA.1	0.915111676062991
11815.PWW.3594.FecalFTA	0.5554617577651573
11815.PWW.3571.FecalFTA	0.4553365764376277
11815.PWW.3567.FecalFTA	0.4475207016623457
11815.PWW.3566.FecalFTA	0.5564695197174889
11815.PWW.3562.FecalFTA	0.6081759757171499
11815.PWW.3597.FecalFTA	0.01581430483142332
11815.PWW.3570.FecalFTA	0.4102682217525976
11815.PWW.3563.FecalFTA	0.511510272186058
11815.PWW.3596.FecalFTA	0.11447565157107797
11815.PWW.3565.FecalFTA	0.9173327916106618
11815.PWW.3589.FecalFTA	0.6735450456536125
11815.PWW.3591.FecalFTA	0.4891771502166069
11815.PWW.3564.FecalFTA	0.4160952380013194
11815.PWW.3385.FecalFTA	0.6906141221972508
11815.PWW.3382.FecalFTA	0.49965569711128355
11815.PWW.3393.FecalFTA	0.09144780972122635
11815.PWW.3383.FecalFTA	0.5375226640921691
11815.PWW.3384.FecalFTA	0.6265496046049057
11815.PWW.3433.FecalFTA	0.5647344457713582
11815.PWW.3394.FecalFTA	0.8542791127450449
11815.PWW.3392.FecalFTA	0.6557979742596265
11815.PWW.3389.FecalFTA	0.5754096695524575
11815.PWW.3387.FecalFTA	0.7472963535292673
11815.PWW.3615.FecalFTA	0.20071961019635154
11815.JCK.10299.FecalFTA	0.8371076348381588
11815.JCK.10302.FecalFTA.1	0.34597113157253745
11815.JCK.10301.FecalFTA	0.29088598282725986
11815.PWW.3601.FecalFTA.2	0.8919561086298591
11815.JCK.10328.FecalFTA	0.8824250504660032
11815.JCK.10290.FecalFTA	0.9526727801122037
11815.PWW.3535.FecalFTA.2	0.16720919797761258
11815.PWW.3537.FecalFTA	0.6084312691004083
11815.PWW.3534.FecalFTA	0.5784572540380198
11815.PWW.3536.FecalFTA	0.28977290052058613
11815.PWW.3533.FecalFTA.1	0.7128416082457554
11815.PWW.3342.FecalFTA	0.1463442496368519
11815.PWW.3324.FecalFTA	0.24190957241711197
11815.PWW.3338.FecalFTA	0.5866534654637003
11815.PWW.3328.FecalFTA	0.6187840627030843
11815.PWW.3351.FecalFTA	0.09191966068700808
11815.PWW.3336.FecalFTA	0.5443239133414659
11815.PWW.3345.FecalFTA	0.06896574031432401
11815.PWW.3334.FecalFTA	0.1219530811627445
11815.PWW.3325.FecalFTA	0.16289335130748117
11815.PWW.3337.FecalFTA	0.0901302402546621
11815.PWW.3341.FecalFTA	0.2127453801542134
11815.PWW.3339.FecalFTA	0.3589353966129841
11815.PWW.3346.FecalFTA	0.6435580923604283
11815.PWW.3333.FecalFTA	0.5686272754077959
11815.PWW.3330.FecalFTA	0.9759346934911429
11815.PWW.3332.FecalFTA	0.2345847981705027
11815.PWW.3340.FecalFTA	0.20964399156253777
11815.PWW.3326.FecalFTA	0.6799924658473112
11815.PWW.3344.FecalFTA	0.3866673898401358
11815.PWW.3343.FecalFTA	0.16646532859851937
11815.PWW.3353.FecalFTA	0.6634495177254748
11815.PWW.3331.FecalFTA	0.3996739408056219
11815.PWW.3329.FecalFTA	0.13460375188970164
11815.PWW.3335.FecalFTA	0.4249501947144565
11815.PWW.3347.FecalFTA	0.11947209651604618
11815.PWW.3348.FecalFTA	0.15397236228229605
11815.JCK.10357.FecalFTA	0.7869708860222732
11815.JCK.10355.FecalFTA	0.5587665290336068
11815.PWW.3620.FecalFTA	0.1927648072233198
11815.PWW.3625.FecalFTA	0.04041422061458566
11815.JCK.10401.FecalFTA	0.5486295829885932
11815.PWW.3621.FecalFTA	0.3554823879319441
11815.JCK.10255.FecalFTA	0.6593043136968726
11815.PWW.3618.FecalFTA	0.6683551583799205
11815.JCK.10402.FecalFTA	0.1881431765131666
11815.JCK.10400.FecalFTA	0.8166139506079095
11815.JCK.10331.FecalFTA	0.6694814944839943
11815.PWW.3626.FecalFTA	0.6706439629643144
11815.PWW.3623.FecalFTA	0.38416439442275474
11815.PWW.3619.FecalFTA	0.05555565855298905
11815.JCK.10330.FecalFTA	0.5123891251803414
11815.PWW.3624.FecalFTA	0.6704287465398615
11815.PWW.3607.FecalFTA	0.5968852392734474
11815.JCK.10358.FecalFTA	0.43416592294849643
11815.JCK.10359.FecalFTA	0.6110188363678679
11815.JCK.10399.FecalFTA	0.5329448182484279
11815.PWW.3465.FecalFTA	0.15250158522911617
11815.PWW.3545.FecalFTA	0.5635217233092286
11815.PWW.3542.FecalFTA	0.3896698483012162
11815.PWW.3547.FecalFTA	0.6580556955334506
11815.PWW.3549.FecalFTA	0.5865268443635366
11815.PWW.3461.FecalFTA	0.7163805299349439
11815.PWW.3548.FecalFTA	0.6545229273930551
11815.PWW.3463.FecalFTA	0.8201100341305005
11815.PWW.3518.FecalFTA	0.9166594513677346
11815.PWW.3462.FecalFTA	0.49161947795422123
11815.PWW.3459.FecalFTA	0.13171087393212766
11815.PWW.3541.FecalFTA	0.48509229830116696
11815.PWW.3543.FecalFTA	0.24472474209826134
11815.PWW.3540.FecalFTA	0.6417751410434801
11815.PWW.3544.FecalFTA	0.5539301552489081
11815.PWW.3479.FecalFTA	0.7890151264879706
11815.PWW.3490.FecalFTA	0.16928278613755354
11815.PWW.3478.FecalFTA	0.7175045781811332
11815.PWW.3538.FecalFTA	0.7155459351569795
11815.PWW.3546.FecalFTA	0.6991135142384639
11815.PWW.3476.FecalFTA	0.1686773716063028
11815.PWW.3539.FecalFTA	0.4337370679326147
11815.PWW.3469.FecalFTA	0.4006316065594463
11815.PWW.3471.FecalFTA	0.6129278565434215
11815.PWW.3470.FecalFTA	0.21337020203165724
11815.PWW.3447.FecalFTA	0.13719628933118633
11815.PWW.3474.FecalFTA	0.7713816590717018
11815.PWW.3466.FecalFTA	0.6336907979791904
11815.PWW.3632.FecalFTA	0.8957873238867156
11815.PWW.3635.FecalFTA	0.8047375225457547
11815.PWW.3634.FecalFTA	0.5636899992012221
11815.PWW.3629.FecalFTA	0.7798572258342547
11815.JCK.10256.FecalFTA	0.9295804048916768
11815.PWW.3630.FecalFTA	0.8102297226268158
11815.PWW.3639.FecalFTA	0.6164334859558069
11815.PWW.3637.FecalFTA	0.6484020397436416
11815.PWW.3365.FecalFTA	0.6524421600928554
11815.PWW.3628.FecalFTA	0.888737644827814
11815.PWW.3633.FecalFTA	0.8086652222920194
11815.PWW.3631.FecalFTA	0.9079920201094819
11815.PWW.3638.FecalFTA	0.37327939774113483
11815.PWW.3360.FecalFTA.1	0.10511444713223916
11815.PWW.3361.FecalFTA	0.6164185754337315
11815.PWW.3363.FecalFTA	0.8384285177540731
11815.PWW.3358.FecalFTA	0.8284740480982674
11815.PWW.3366.FecalFTA	0.785972827743038
11815.PWW.3359.FecalFTA	0.4645743943340016
11815.PWW.3641.FecalFTA	0.6382129463171898
11815.PWW.3636.FecalFTA	0.6397332673273185
11815.PWW.3642.FecalFTA	0.8766162581887069
11815.PWW.3600.FecalFTA.2	0.7932325163774137
11815.PWW.3362.FecalFTA	0.6807385441926376
11815.PWW.3368.FecalFTA	0.6299460479720408
11815.PWW.3367.FecalFTA	0.709296217441169
11815.PWW.3430.FecalFTA	0.6797239975583034
11815.JCK.10398.FecalFTA	0.7404218928276641
11815.JCK.10356.FecalFTA	0.7354896656867667
11815.JCK.10397.FecalFTA	0.2878628547535672
11815.JCK.10396.FecalFTA	0.8928374072653295
11815.PWW.3616.FecalFTA	0.3202208966233385
11815.PWW.3441.FecalFTA	0.4247812876892536
11815.PWW.3602.FecalFTA	0.779943927758915
11815.JCK.10362.FecalFTA	0.7900814260454869
11815.JCK.10364.FecalFTA	0.4033453215771624
11815.JCK.10383.FecalFTA	0.7172674298776489
11815.JCK.10384.FecalFTA.2	0.6484918184426985
11815.JCK.10403.FecalFTA.2	0.5758366311687106
11815.JCK.10303.FecalFTA	0.6382389016704321
11815.JCK.10304.FecalFTA	0.6452942609282195
11815.JCK.10300.FecalFTA	0.578619691947825
11815.JCK.10381.FecalFTA	0.09330949490606455
11815.JCK.10378.FecalFTA	0.5014894546515997
11815.JCK.10337.FecalFTA	0.9120050017306855
11815.JCK.10405.FecalFTA	0.34724120826508387
11815.JCK.10367.FecalFTA	0.7691413728527912
11815.JCK.10368.FecalFTA	0.7449023074821828
11815.JCK.10408.FecalFTA	0.7951177901659585
11815.JCK.10377.FecalFTA	0.7958758600422662
11815.JCK.10404.FecalFTA	0.8431606756675467
11815.JCK.10333.FecalFTA	0.6316708561420603
11815.JCK.10407.FecalFTA	0.7014221995189581
11815.JCK.10380.FecalFTA	0.8127140996145157
11815.JCK.10334.FecalFTA	0.577271828087203
11815.JCK.10366.FecalFTA	0.7850392239428272
11815.JCK.10379.FecalFTA	0.8256320552557125
11815.JCK.10332.FecalFTA.2	0.6905781476043071
11815.JCK.10369.FecalFTA	0.6656198270497777
11815.JCK.10409.FecalFTA	0.6110444761545053
11815.JCK.10339.FecalFTA	0.6408890300172871
11815.JCK.10298.FecalFTA.1	0.775267782917788
11815.JCK.10386.FecalFTA	0.7844495088501641
11815.JCK.10365.FecalFTA	0.7738254068590373
11815.JCK.10336.FecalFTA	0.6441320291228531
11815.JCK.10361.FecalFTA	0.5357559644553664
11815.JCK.10338.FecalFTA	0.765382816806683
11815.JCK.10385.FecalFTA	0.248900003845968
11815.JCK.10406.FecalFTA	0.5543168821230532
11815.PWW.3374.FecalFTA	0.6614418829859307
11815.PWW.3377.FecalFTA	0.7059078210224554
11815.PWW.3376.FecalFTA	0.8016481254850604
11815.PWW.3375.FecalFTA	0.7132078232905905
11815.PWW.3369.FecalFTA	0.5865916144091656
11815.PWW.3370.FecalFTA	0.864609027768875
11815.PWW.3373.FecalFTA	0.7575792491289869
11815.PWW.3378.FecalFTA	0.7987703158328641
11815.PWW.3372.FecalFTA	0.5747411417002533
11166.JCK.10272.FecalFTA	0.9813019291967153
11166.JCK.10274.FecalFTA	0.9763345952710372
11166.JCK.10126.FecalFTA	0.8604108085506716
11166.JCK.10270.FecalFTA	0.7084216245960502
11166.JCK.10273.FecalFTA	0.8314371396254027
11166.JCK.10284.FecalFTA	0.6270404684586247
11166.JCK.10292.FecalFTA	0.978055458858497
11166.JCK.10311.FecalFTA	0.9776086954377944
11166.JCK.10321.FecalFTA	0.9679242719040204
11166.JCK.10309.FecalFTA	0.9394247418024179
11166.JCK.10320.FecalFTA	0.9625986909902776
11166.JCK.10373.FecalFTA	0.980953228098445
11166.JCK.10285.FecalFTA	0.984670681594282
11166.JCK.10288.FecalFTA	0.9402584687722191
11166.JCK.10312.FecalFTA	0.9807899223804767
11166.JCK.10313.FecalFTA	0.9285888946194908
11166.JCK.10317.FecalFTA	0.9686418703632664
11166.JCK.10318.FecalFTA	0.9747709627444039
11166.JCK.10283.FecalFTA	0.9838639355691885
11166.JCK.10297.FecalFTA	0.9787265901351907
11166.JCK.10308.FecalFTA	0.9774471253361524
11166.JCK.10310.FecalFTA	0.9823938685408693
11166.JCK.10319.FecalFTA	0.9784925186061029
11166.JCK.10325.FecalFTA	0.9828208301571226
11166.JCK.10326.FecalFTA	0.9836024886371368
11166.JCK.10341.FecalFTA	0.9843809125594523
11166.JCK.10289.FecalFTA	0.9589086128974044
11166.JCK.10351.FecalFTA	0.7879112745044865
11166.JCK.10323.FecalFTA.1	0.7658303691438973
11166.JCK.10324.FecalFTA	0.8341969273674151
11166.JCK.10410.FecalFTA.1	0.8173205042359886
