sim,ct,Length,TotalAbundance,SpeciesRichness,Simpson,Simpson_e
516390787
0,999,1.008715311738893,25,22,18.939393939393934,0.8608815426997243
52,999,3.514029695558604,76,59,31.053763440860216,0.5263349735739019
156,999,8.247372023180912,235,146,51.75726335520152,0.35450180380275015
91,999,2.385965931978297,75,59,42.293233082706756,0.7168344590289281
143,999,4.94936000514529,101,69,29.06267806267806,0.4211982327924357
130,999,3.0362618800425634,103,65,21.606924643584517,0.33241422528591563
182,999,4.043123084585814,102,75,43.714285714285694,0.5828571428571426
65,999,9.219162165888852,263,137,45.5358788676761,0.33237867786624886
234,999,7.535142538194703,183,120,34.2073544433095,0.28506128702757916
13,999,9.750751572228173,263,143,36.57800105764146,0.2557902171863039
78,999,15.595092253932348,406,233,51.47907557776389,0.2209402385311755
169,999,15.586550769025129,408,215,36.203566768160066,0.16838868264260495
248,999,5.273277454866854,128,91,41.58375634517766,0.45696435544151276
1,999,14.354237103555244,402,236,61.121028744326786,0.2589874099335881
170,999,1.6613708494705404,50,37,24.03846153846154,0.6496881496881497
53,999,3.892207143572042,104,69,26.90547263681592,0.38993438604081043
195,999,62.35853732254808,2132,675,43.06499412589533,0.06379999129762272
157,999,46.400379554535334,1468,527,47.28833494250856,0.08973118584916236
131,999,23.888111517727076,671,331,49.24433993218856,0.14877444088274488
92,999,2.8085889293999124,51,40,27.967741935483858,0.6991935483870965
2,999,5.057799870108758,126,89,41.77894736842106,0.4694263749260793
249,999,7.0551021320908935,180,120,46.956521739130416,0.3913043478260868
117,999,82.26992863815144,3176,878,53.72557123834887,0.061190855624543135
144,999,7.462423500706207,185,118,37.48630887185105,0.31768058365975466
183,999,14.72945498335028,408,207,37.781207444394,0.1825179103593913
221,999,154.33463405111948,9065,1344,49.214285842621806,0.0366177722043317
158,999,7.005918826990523,207,139,51.43937575030013,0.3700674514410081
54,999,37.18506183323853,1118,458,59.49752475247524,0.12990725928488045
14,999,50.57741230455904,1598,556,45.676743104496836,0.08215241565556985
132,999,36.835989574419315,1092,400,42.56975581893475,0.10642438954733688
66,999,102.52258795337602,4493,996,47.67336726139169,0.04786482656766234
79,999,98.02629161423611,4189,959,41.43724688708005,0.04320880801572476
159,999,6.656508675953858,156,111,32.70967741935484,0.2946817785527463
55,999,19.78434806485021,543,306,56.06560182544211,0.18322092099817683
15,999,7.692788717323765,182,119,52.08176100628933,0.4376618571957086
250,999,90.73525496566099,3638,913,52.47628563498672,0.05747676411280035
222,999,40.305798383163776,1256,476,43.15631668216884,0.09066453084489252
16,999,19.326525102485352,546,283,53.96741491672701,0.1906975792110495
133,999,94.34995356812588,3835,934,48.28611060951788,0.05169819123074719
80,999,7.388534192726802,182,120,35.84848484848486,0.2987373737373738
17,999,5.7500367822931775,155,100,45.58823529411764,0.4558823529411764
56,999,76.69977084883254,2835,783,47.136108520857896,0.06019937231271762
3,999,160.2437553937655,9747,1386,50.882620355081436,0.03671184729803855
134,999,7.038676652157592,208,128,36.1135225375626,0.28213689482470783
223,999,10.442971963885462,265,148,37.333864965443915,0.25225584436110754
18,999,1.3630729186216612,26,21,16.09523809523809,0.766439909297052
57,999,5.071729544683782,127,92,45.95156695156695,0.4994735538213799
67,999,167.18731111923148,10663,1429,51.030908600468656,0.03571092274350501
224,999,3.8065143096755847,75,58,33.284023668639044,0.5738624770455008
19,999,33.49171413594737,977,402,44.84936334163417,0.11156558045182628
135,999,49.4524099281861,1630,592,42.72505065448814,0.07217069367312186
171,999,210.52223568024962,17856,1614,48.956212884011705,0.030332226074356695
68,999,4.020116966819293,103,67,22.056133056133056,0.32919601576317997
4,999,128.56062368205406,6473,1181,53.76895752994848,0.045528329830608366
58,999,19.896806871130302,544,277,45.26399510553686,0.1634079245687251
136,999,10.518293275409478,258,156,32.56555772994129,0.20875357519193136
172,999,2.213705630570055,51,36,21.857142857142854,0.6071428571428571
20,999,22.151224052432077,613,296,58.34016457071883,0.19709515057675278
69,999,22.19963561016898,645,311,42.71742478693911,0.13735506362359842
21,999,2.765674141708822,50,38,21.186440677966104,0.5575379125780554
173,999,36.383268018857294,1110,463,53.28691289680824,0.11509052461513658
22,999,1.5699075646545193,50,45,40.3225806451613,0.8960573476702511
5,999,111.12793750631025,5012,986,44.70365137046515,0.04533838881385918
70,999,54.115796097514206,1827,616,45.88533919857034,0.07448918701066615
174,999,20.134248449044957,589,285,48.66334689297236,0.17074858558937672
23,999,2.040796210660205,50,43,34.722222222222236,0.80749354005168
118,999,250.77144243813146,27763,1886,52.03883393350032,0.027592170696447677
6,999,12.866881531565822,345,187,38.909774436090224,0.20807366008604397
59,999,136.04394060567358,7228,1201,52.422640358341226,0.043649159332507265
81,999,219.3900435378217,19765,1763,56.2554172025368,0.03190891503263573
7,999,3.7710832961471716,77,56,28.921951219512195,0.5164634146341464
225,999,157.6807830377423,9702,1360,54.18027704644953,0.0398384390047423
119,999,30.34195640675727,876,362,46.745614035087726,0.12913153048366774
24,999,81.28441879941192,3155,856,46.93944195302295,0.05483579667409223
60,999,7.449127481365209,180,126,61.596958174904906,0.48886474741988023
226,999,4.547963153697605,102,75,40.32558139534882,0.5376744186046509
8,999,117.35264912321273,5522,1088,63.17145852237649,0.05806200231836074
39,999,337.13375244725006,68696,2258,51.575014243635515,0.022841016051211478
9,999,1.1388395548618637,50,38,28.409090909090914,0.7476076555023925
40,999,19.697396445451545,525,260,39.15684046029264,0.15060323253958707
71,999,238.92861770188134,24155,1786,49.49138003792453,0.02771073910298126
104,1035,290.3556460402894,42713,2047,52.317699394730454,0.025558231262691966
61,999,182.34187037692752,13063,1468,52.6101663718735,0.03583798799173944
41,999,12.871688599097066,322,187,39.30401819560272,0.21018191548450654
105,999,46.97858863918593,1479,551,46.62760855200052,0.08462360898729676
62,999,13.521382707811513,350,193,45.640834575260804,0.23648100816197307
175,1006,255.60207792563958,29464,1906,49.89563088716597,0.02617819039200733
106,999,175.21456263828983,12026,1457,50.253649369990704,0.03449118007549122
176,999,121.40401624949969,5980,1060,45.638251982612736,0.04305495470057805
137,1033,285.50122545313997,40431,2003,44.3108163241463,0.022122224824835897
42,1001,250.241970610354,27925,1898,56.88114464928301,0.029968990858420974
43,999,5.682179026006025,126,96,52.22368421052632,0.5439967105263158
63,1009,264.11134877376685,32289,1946,44.899379057727586,0.023072651108801433
64,999,5.891324953382145,130,82,29.753521126760557,0.3628478186190312
260,999,1.4739427440335005,50,42,33.7837837837838,0.8043758043758047
261,999,3.1242400574213813,77,58,36.82608695652174,0.6349325337331335
262,999,15.609850617706368,435,250,59.900284900284895,0.23960113960113957
263,999,19.221400630334998,523,249,35.648247100221546,0.1431656510049058
227,1049,300.57300713216813,46611,2110,48.29009480245838,0.022886300854245676
264,999,166.92147468262522,10708,1421,48.90444502639684,0.03441551374130671
265,999,1.7950394595362815,25,23,21.55172413793103,0.9370314842578708
107,1040,292.67404029905225,43679,2040,57.75810505720017,0.02831279659666675
108,999,8.214938717362017,236,147,59.50427350427351,0.4047909762195477
228,999,209.80409912924034,17543,1643,49.00802933505187,0.029828380605631085
82,1077,326.4597397818358,61370,2189,50.85724618455561,0.023233095561697403
72,1062,317.44433870900923,55788,2220,54.465084606617424,0.024533821894872715
109,999,51.8819604173127,1669,565,47.4792650292318,0.08403409739687044
266,999,215.88714628840975,19250,1678,55.17145527726834,0.0328792939673828
73,999,8.729249395535145,236,139,41.256296296296306,0.2968078870237144
110,999,2.0148532643118156,52,39,26.0,0.6666666666666666
229,999,105.20815955127397,4657,1021,59.56885219335471,0.05834363584070001
267,999,5.016758760416388,153,94,39.47554806070827,0.419952638943705
111,999,5.199239984383092,130,97,54.870129870129894,0.565671441960102
230,999,20.130340153262942,555,268,46.42426525998494,0.17322487037307815
268,999,61.2745575774829,2087,654,43.2860181071922,0.06618657202934587
269,999,4.143643381287431,128,85,47.90643274853801,0.5636050911592707
231,999,54.139035769179706,1813,608,51.8343084225632,0.08525379674763683
232,999,18.853463178527306,488,254,51.169746454662665,0.20145569470339633
270,999,46.639777148594135,1473,526,48.0124139762342,0.09127835356698517
233,999,5.851290801371653,128,81,33.436734693877554,0.41279919375157476
74,999,207.64085123343165,17067,1588,45.50325501397751,0.028654442704016063
271,999,9.44228916939511,235,123,38.27096327096328,0.31114604285336
273,999,10.52628166000573,262,157,47.47164591977871,0.3023671714635587
274,999,4.343576125646123,102,81,46.864864864864835,0.5785785785785782
75,999,172.17848627907264,11434,1403,44.53828852921437,0.03174503815339585
235,1120,392.5482587783331,118668,2562,58.241917904359795,0.022732989033707962
76,999,40.160391480261275,1253,489,51.731819829318916,0.1057910425957442
77,999,5.56570799104897,155,106,45.936902485659644,0.43336700458169475
236,999,122.29829487283727,6148,1136,53.9101333850595,0.047456103331918575
237,999,4.620318628580066,128,87,38.824644549763036,0.4462602821811843
238,999,92.794399021609,3789,888,49.378053771835994,0.05560591640972522
239,999,55.46956833435623,1844,618,37.133733755596815,0.060086947824590314
251,1201,337.537980264587,70012,2304,53.519135070846836,0.023228791263388383
240,999,12.945974893705568,341,188,40.16614853195164,0.21364972623378534
241,999,12.772239549324212,340,203,42.34432234432234,0.20859272090799183
242,999,88.18344092421843,3605,873,57.40674072928859,0.06575800770823435
243,999,1.7344420252339574,50,41,28.409090909090914,0.6929046563192905
244,999,1.0101319649341582,25,19,16.025641025641022,0.8434547908232117
245,999,15.176034532232855,404,223,45.95045045045044,0.20605583161636967
246,999,14.300056897318733,381,211,50.28091444405957,0.23829817272066145
299,999,89.75389969197565,3600,852,51.422857777707236,0.060355466875243236
138,999,450.1443960137264,222203,2758,59.55747136080522,0.02159444211776839
139,999,39.44819900845897,1187,485,49.74646047381986,0.10257002159550486
120,1209,337.48077444799105,68835,2227,44.857676723237695,0.020142647832616836
300,999,91.43827517063627,3715,914,49.23540282043873,0.053868055602230555
140,999,22.960349230886287,610,296,46.200645641917056,0.15608326230377384
301,999,111.58546862760177,5188,1070,54.26633816277072,0.050716203890439925
121,999,114.85317152110956,5284,1075,45.45960995529042,0.042288009260735275
141,999,71.77948461807712,2584,780,58.86499162479063,0.07546793798050082
302,999,35.4180041146176,1053,413,44.672213045405094,0.1081651647588501
122,999,76.92201370195522,2843,780,50.729302261358576,0.06503756700174176
303,999,60.31687828736605,2061,701,53.29436784060826,0.07602620234038268
123,999,37.889758691238065,1155,445,44.480844253275976,0.09995695337814826
124,999,5.525788005059155,128,80,25.362229102167184,0.3170278637770898
145,999,517.9460320376106,429267,3039,50.380028927659154,0.016577831170667703
146,999,69.64798126817811,2477,743,47.27383328068298,0.06362561679768906
44,1201,337.28723552837704,70587,2307,51.72911561588766,0.02242267690328897
147,999,68.66156243962946,2435,704,51.14354842883391,0.0726470858364118
45,999,25.16952858655033,740,337,42.75452841973765,0.12686803685382092
10,999,505.88761186126686,381438,3016,50.53856344842437,0.0167568181195041
83,1086,386.3435747622769,114544,2482,49.70711999720192,0.02002704270636661
142,1017,270.7742799814009,33819,1927,53.63404706760544,0.02783292530752747
84,999,1.1972673588187956,25,20,15.243902439024385,0.7621951219512193
312,999,2.8258505431416725,76,52,31.391304347826086,0.6036789297658862
148,999,159.1309036740562,9926,1355,49.98770975457054,0.03689129871186018
313,999,33.55054625834137,1014,442,45.42304294044883,0.10276706547612857
11,999,140.80080369239906,7780,1267,49.439997386218835,0.039021308118562616
85,999,127.26850165114273,6436,1152,55.689830599623555,0.048341866839951
12,999,17.272054371399346,465,243,36.829330608073576,0.15156103130894474
86,999,1.6653686052683982,25,21,17.857142857142854,0.8503401360544216
314,999,118.30152533034214,5682,1084,46.79898763241663,0.043172497815882505
325,999,62.94979735448496,2181,673,56.98016315089661,0.08466591850058931
87,999,2.2811028771223714,77,65,51.55652173913045,0.793177257525084
315,999,3.680731540232526,76,57,33.58139534883721,0.5891472868217055
326,999,25.0180835905411,714,308,37.9538415723645,0.1232267583518328
88,999,45.63114207475833,1410,535,49.29336506991968,0.09213713097181249
89,999,1.4990857345810158,50,39,32.05128205128206,0.8218277449046681
90,999,33.051908691947354,984,415,43.11407961528186,0.1038893484705587
316,999,206.82538872750663,17580,1649,54.262441125461024,0.0329062711494609
125,999,350.737636069592,79160,2293,46.5926520561734,0.020319516814728916
338,999,115.13010770684456,5452,1071,50.52661782454233,0.047177047455221596
126,999,3.4108929165585944,77,58,33.88,0.5841379310344827
339,999,69.70557168317704,2439,735,49.44617520177546,0.06727370775751763
26,999,539.7438601166482,542611,3114,55.57407507324082,0.017846523787167893
317,999,151.9643874152373,9025,1285,55.840153046778546,0.043455372020839336
340,999,6.2552755752369125,184,114,35.340292275574114,0.3100025638208256
127,999,144.80502195968467,8000,1262,47.77274505178864,0.037854790056884816
318,999,69.92371162135748,2441,720,48.49458366227445,0.06735358841982562
319,999,9.180857462349849,264,149,36.60504201680672,0.24567142293158872
128,999,62.94448353468851,2213,670,48.95557643671842,0.07306802453241555
327,1014,263.4175699879244,32308,1891,48.31204544023935,0.02554841112651473
129,999,1.8226553760124926,50,41,32.89473684210527,0.8023106546854943
351,999,56.909607382764165,1914,637,47.22575155984118,0.07413775755077108
352,999,43.75360644724675,1392,514,56.14139189893956,0.10922449785785907
320,999,166.27373290686387,10589,1420,49.656768992918195,0.03496955562881563
149,999,344.20206094462577,75748,2365,48.06648364224311,0.020324094563316325
353,999,114.21240325872114,5282,1051,41.50776014949,0.039493587202178874
150,999,51.62303996176145,1706,587,43.158491013701884,0.07352383477632349
252,999,452.3681784740659,229516,2769,51.07455162620693,0.018445125181006477
196,1080,524.5232151022892,452607,2993,45.78136238028079,0.015296145132068423
253,999,43.46229318356727,1374,532,45.539270551910455,0.08560013261637303
197,999,1.3790923714975647,50,39,26.041666666666675,0.6677350427350429
254,999,12.687325987549325,314,166,35.87918486171762,0.2161396678416724
151,999,119.26507979541195,5793,1086,52.14442605756904,0.048015125283212744
198,999,8.448152447217007,209,133,47.63467829880044,0.35815547593083036
321,999,210.2705480439014,17922,1639,50.92205359784211,0.031068977179891464
255,999,2.5263369227673174,50,39,21.92982456140351,0.5623031938821413
199,999,13.341567899019926,374,207,48.4,0.23381642512077294
322,999,15.19455288817112,432,236,47.75435005117707,0.20234894089481809
323,999,11.803544871500467,321,186,34.964709874448594,0.18798231115294944
200,999,10.982184370680493,262,172,56.357963875205265,0.32766258066979803
304,999,429.8707187447347,177495,2615,53.76409416448656,0.020559883045692756
201,999,6.0793296674518125,156,107,39.50649350649352,0.36921956548124785
324,999,24.685109770573206,707,333,53.29448768525428,0.16004350656232516
184,999,555.5659294753848,622757,3113,50.89468414915643,0.016349079392597634
305,999,1.26465848346207,25,19,12.254901960784311,0.6449948400412795
202,999,3.2336361193620946,103,80,44.02074688796681,0.5502593360995851
364,999,10.899223777793297,292,167,47.95500562429698,0.28715572230117953
306,999,6.040492277431559,155,107,39.975041597337764,0.37359851960128754
203,999,7.67758874280577,179,116,47.32791728212702,0.40799928691488807
46,1073,325.2903610356864,61664,2207,50.22595704948646,0.022757570026953538
185,999,63.5679972602832,2233,698,46.549931383440544,0.066690446108081
307,999,1.4651867085542902,51,39,27.967741935483858,0.7171215880893297
308,999,84.13422509015163,3349,859,54.87907404598455,0.06388716419788655
341,999,354.3226894028746,81166,2314,47.63264770548898,0.020584549570219955
309,999,1.1158916375585364,50,40,29.76190476190477,0.7440476190476193
310,999,21.170827638645093,608,302,50.089972899729005,0.1658608374163212
311,999,8.876248424231832,208,123,36.234505862646564,0.29458947855810214
204,999,248.04197845104414,27418,1888,49.18708775577398,0.026052482921490455
205,999,1.209664460699794,50,37,22.321428571428577,0.6032818532818535
256,1044,294.96634559125994,44290,2108,51.07626282515092,0.02422972619788943
47,999,328.0391088337283,63341,2227,53.202695913086394,0.023889849983424513
257,999,3.920863284674836,102,70,37.15714285714285,0.5308163265306122
48,999,25.122081801124622,729,335,40.36158578263841,0.12048234561981615
258,999,6.052582163780644,183,124,44.71161548731642,0.3605775442525518
49,999,4.626850508983013,103,72,36.45704467353952,0.5063478426880489
259,999,4.227229822383733,128,81,26.684039087947884,0.32943258133268993
50,999,19.036061787714832,556,292,56.02319681043857,0.19186026304944714
390,999,3.840714471171413,104,69,27.451776649746193,0.397851835503568
365,1043,295.21537953134356,44660,2088,51.232793416608,0.024536778456229882
354,1066,317.96355100568337,56233,2136,51.28286269649894,0.02400883085042085
391,999,1.1640015363218352,25,22,18.939393939393934,0.8608815426997243
366,999,6.71883517829918,155,97,48.53535353535352,0.5003644694366343
355,999,7.467026562959285,207,124,34.034154090548064,0.27446898460119407
392,999,1.4792334290341045,50,40,29.76190476190477,0.7440476190476193
356,999,8.315967235376096,206,133,32.99844479004666,0.24810860744395988
393,999,14.847230743169067,405,216,36.55560508134612,0.16923891241363945
342,999,351.89739074654176,80964,2366,54.63284745997824,0.023090806196102383
357,999,2.1596570014836898,50,37,13.440860215053764,0.36326649229875035
358,999,4.302990473327973,101,76,34.81569965870306,0.4581013112987245
359,999,1.3352267323484863,50,42,32.05128205128206,0.7631257631257633
360,999,5.763328178634043,155,111,40.78947368421051,0.3674727358937884
361,999,15.019907577495134,406,207,35.69423993070594,0.1724359416942316
362,999,116.19094867646601,5404,1055,52.89805204450193,0.05014033369147102
112,1086,518.5351513117686,429746,2997,49.36554011314467,0.016471651689404294
363,1012,268.79507569468234,33765,2005,48.770043967571425,0.02432421145514784
394,1043,292.2130949229956,44260,2078,50.47679298931513,0.02429104571189371
286,999,547.5718375096251,600848,3113,49.236610110137825,0.01581645040479853
403,999,19.199582558617177,531,270,36.68978529603123,0.13588809368900456
287,999,1.0442662889852306,50,42,30.48780487804879,0.7259001161440188
395,999,1.7071698325179052,25,21,18.93939393939393,0.9018759018759015
404,999,4.899869452483393,128,85,40.756218905472636,0.4794849282996781
405,999,4.458480006082648,102,77,45.631578947368396,0.5926179084073818
396,999,12.079842695117517,318,186,53.22315789473684,0.2861460101867572
367,1074,325.3987815412908,60139,2246,52.893240019775554,0.023549973294646285
186,1063,434.76976890993825,183361,2680,50.52426473971296,0.018852337589445135
187,999,2.972566461470491,75,58,32.89473684210525,0.5671506352087112
188,999,165.13761529145054,10750,1367,54.1037124568809,0.03957842901015428
406,999,353.53899969893575,83721,2385,47.731174811264296,0.020013071199691528
407,999,50.393918393471274,1647,562,50.37810381651035,0.08964075412190453
189,999,233.20238197797158,23479,1818,45.88144797570161,0.025237320118647752
408,999,20.92989179028162,577,286,46.77940143318815,0.16356434067548303
409,999,80.2770149905143,3057,823,59.21948329288308,0.07195562976048978
410,999,62.897493639378716,2147,695,54.10910776960008,0.07785483132316558
411,999,3.202726891034331,101,75,30.818731117824758,0.4109164149043301
177,999,616.8842881791406,1135362,3337,49.782719236408305,0.014918405524845161
288,999,467.36194393024294,266482,2865,59.353900669000836,0.020716893776265562
289,999,1.073633610765624,25,21,17.857142857142854,0.8503401360544216
290,999,2.692168149328936,75,58,40.46762589928056,0.6977176879186304
178,999,350.16627207052073,79661,2330,54.42519400807112,0.02335845236397902
179,999,77.64209709304914,2892,790,51.22785182281457,0.06484538205419565
180,999,11.932690086109696,291,166,40.84949348769899,0.24608128607047586
291,1003,337.56922254219967,69581,2280,47.41818773861377,0.020797450762549897
292,999,6.972673919908979,154,105,41.17361111111113,0.3921296296296298
51,1047,533.8657573424717,491300,3001,46.67596187339886,0.015553469467976961
416,999,1.0321365421398294,50,35,19.841269841269842,0.5668934240362812
181,1051,305.12003788852945,49368,2115,48.926480337540596,0.023133087630042834
417,999,5.008484463920124,129,93,45.3433242506812,0.48756262635141073
418,999,202.99578740088856,16230,1622,51.74270481270018,0.03190055783766966
419,999,151.26798162872592,8663,1301,49.452752805323804,0.03801133958902675
420,999,3.883015971898888,103,69,29.717086834733895,0.43068241789469414
421,999,11.024487909424723,288,173,45.02931596091204,0.26028506335787305
422,999,5.065756242500147,156,94,27.90825688073395,0.29689634979504204
423,999,33.90461739171525,983,428,54.435750098586006,0.12718633200604207
424,999,11.460293968208266,292,175,42.58941058941061,0.24336806051091778
425,999,50.13058388524401,1611,590,54.05004477580857,0.0916102453827264
426,999,38.03780030951237,1140,475,51.51419058189313,0.10845092754082765
427,999,2.5188447594212757,50,39,25.000000000000004,0.6410256410256411
428,999,2.3982330744560887,77,59,37.76433121019108,0.6400734103422218
429,999,442.61350193016966,200456,2713,47.33028635904775,0.01744573769224023
430,999,77.36749504561274,2890,776,50.41225041647553,0.06496424022741693
431,999,9.131379801805114,233,140,40.91107761868878,0.2922219829906341
432,999,3.7339330615992568,103,76,48.44292237442922,0.6374068733477529
190,1078,533.9206105358803,510411,3047,51.32284984750198,0.016843731489170323
191,999,7.6868748845888515,209,117,26.361496680748346,0.22531193744229355
192,999,205.63601549137113,17158,1635,48.994970973841674,0.02996634310326708
113,999,604.0215325147341,1020718,3351,49.59020907959948,0.014798629984959559
114,999,4.191762336245874,128,75,19.32075471698113,0.25761006289308175
115,999,17.515814285615505,495,256,40.05640019617459,0.156470313266307
116,999,1.176764774088314,25,23,20.161290322580644,0.876577840112202
455,999,1.2032096970272192,25,21,17.857142857142854,0.8503401360544216
456,999,18.844616720296198,520,258,42.58267716535434,0.165049136299823
457,999,2.0791277052424624,50,40,25.000000000000004,0.6250000000000001
458,999,6.225190093194878,155,89,25.916936353829556,0.29120153206550065
459,999,57.74569277578827,1956,617,52.84296013922268,0.08564499212191683
460,999,18.28168693597597,495,231,39.122624940124545,0.16936201272781187
461,999,1.4518711474708534,50,42,31.250000000000014,0.7440476190476194
462,999,4.6873555622567356,127,76,26.056542810985462,0.3428492475129666
463,999,3.6049873390817653,102,78,35.87586206896551,0.4599469496021219
464,999,3.8492614348916057,102,75,32.92405063291138,0.43898734177215176
193,1043,292.2094656073668,42855,2037,53.52027983407514,0.026274069628902868
465,999,47.21158159292237,1503,551,48.74542002028354,0.08846718696966159
466,999,25.892634890062656,706,361,45.42799854174262,0.12583933114056126
467,999,148.3032755290737,8509,1319,49.62442692737116,0.037622764918401184
468,999,24.864720140883065,672,327,42.11751538891997,0.1287997412505198
293,1057,567.4685431730097,705539,3191,46.35098912288812,0.01452553717420499
272,999,690.0077338674784,2471405,3639,45.91654589836381,0.012617902142996375
481,1062,434.3304200356301,188411,2657,50.02099545274386,0.018826117972429002
482,999,1.9851262826087774,50,38,25.000000000000004,0.6578947368421053
483,999,126.67815541061111,6321,1144,53.276868755425355,0.04657068947152566
194,999,595.3538153154069,913523,3268,50.10651504165941,0.015332470942980235
484,1141,395.70706108907825,126437,2507,49.42596340152177,0.019715182848632537
485,999,1.843615632574453,25,21,16.025641025641022,0.763125763125763
486,999,15.828919827756732,405,233,69.64968152866246,0.29892567179683455
487,999,109.05520202880908,4901,1027,50.736447109667246,0.049402577516715916
488,999,113.33154407502279,5216,1090,48.182197491596746,0.04420385090972179
489,999,1.4246546784582925,25,21,16.025641025641022,0.763125763125763
490,999,3.7590614016980823,76,54,30.72340425531915,0.5689519306540584
491,1088,387.86063533238104,117798,2519,55.27670043039472,0.02194390648288794
492,999,151.16675844110333,8756,1350,48.717269355998894,0.03608686618962881
493,999,2.413910311077633,76,61,41.25714285714285,0.6763466042154566
507,999,159.93170962726902,9819,1365,51.72655350924114,0.03789491099578106
508,999,2.892542476053351,76,54,31.391304347826086,0.5813204508856683
509,999,19.765534743901323,555,266,40.13355048859936,0.1508780093556367
510,999,31.884782979667882,941,390,49.2289431255907,0.12622805929638642
27,999,734.5150021198566,3728766,3757,54.15328123990093,0.014413968921985874
511,999,62.72727787439422,2207,703,60.631717184290785,0.08624710837025716
28,999,2.189718174533575,76,55,24.474576271186443,0.4449922958397535
512,999,4.018388756563572,128,81,21.962466487935657,0.2711415615794526
29,999,4.885112928729538,129,95,44.61394101876675,0.46962043177649215
513,999,22.11662712201476,636,312,46.6439114391144,0.14949971615100768
514,999,47.6427483457173,1542,581,47.587639594924546,0.08190643648007667
515,999,174.25701424681415,11475,1449,60.33283359763426,0.041637566319968435
516,999,22.774352044671318,626,312,48.60778963036469,0.15579419753322016
517,999,24.11565005521581,708,335,41.92572766811643,0.1251514258749744
377,999,729.626556501813,3564666,3705,46.25310449538769,0.012483968824666044
378,999,11.461342745823352,324,187,50.42074927953892,0.26962967529165194
379,999,3.2282043595042147,76,64,42.47058823529411,0.6636029411764705
380,999,1.374072862300449,50,35,20.161290322580644,0.576036866359447
30,999,342.090791229284,72271,2311,53.43467543531441,0.02312188465396556
31,999,32.19580426164691,975,410,48.149977207111384,0.11743896879783264
32,999,40.55091702269062,1276,492,54.08863198458574,0.10993624387110923
33,999,2.331783795285389,77,60,37.76433121019108,0.6294055201698513
34,999,8.899489669946686,208,131,51.0188679245283,0.38945700705746794
35,999,2.7552380064861426,77,58,34.67251461988304,0.59780197620488
36,999,11.536604137526462,290,160,41.59248269040555,0.2599530168150347
37,999,16.686077618560514,463,253,43.26316851664985,0.1710006660737148
38,999,1.6125626279028409,50,41,35.714285714285715,0.8710801393728224
520,999,5.306495130678428,156,99,38.38485804416404,0.38772583882993983
521,999,1.356676217984435,50,42,34.722222222222236,0.8267195767195771
381,1066,316.7812507563776,55369,2099,58.507866909775274,0.02787416241532886
382,999,53.407823658582515,1784,602,56.064261555806084,0.0931300025843955
383,999,166.25563826471196,10768,1393,52.87057518895731,0.037954468908081344
469,999,668.9228813597656,1917306,3416,52.49356506965376,0.015366968697205434
470,999,20.212916003021558,579,295,53.15379736800381,0.18018236395933493
471,999,10.359351228723668,263,158,45.53587886767609,0.2882017649852917
522,999,373.93463253882425,99244,2458,49.38246439635561,0.02009050626377364
523,999,27.592498676499332,835,371,50.35933550018056,0.13573944878754868
524,999,70.77436531173738,2507,730,43.109401685951994,0.059053974912263
442,999,694.779497705362,2502760,3667,59.41615501889559,0.016202932920342403
525,999,11.044619385090714,323,178,35.068571428571424,0.19701444622792935
472,999,203.50599853130097,16571,1586,46.11725403885734,0.029077713769771335
473,999,50.7740225204986,1676,589,47.659845939801144,0.08091654658709872
474,999,52.54828676893969,1755,604,44.20432854456994,0.07318597441153964
475,999,72.57759775840375,2656,722,42.847556457197,0.059345646062599726
476,999,87.1252428330824,3455,836,42.65584520002144,0.0510237382775376
477,999,2.518653405962643,76,52,25.113043478260874,0.4829431438127091
478,999,6.053468716280622,181,106,32.150147203140335,0.3033032755013239
479,999,21.22486069333968,611,284,47.34571972098922,0.16671028070770852
480,999,347.13360712119095,75811,2316,50.837706688506756,0.02195065055635007
533,999,14.372448361540078,400,234,51.546391752577335,0.2202837254383647
534,1024,280.753076810714,37871,1965,50.471486201842986,0.02568523470831704
535,999,1.8497567346100632,50,40,24.509803921568633,0.6127450980392158
536,999,1.2183942327412352,50,34,18.38235294117647,0.5406574394463668
25,999,787.5763850974315,6388132,3887,49.323358790079645,0.012689312783658258
537,999,445.2860731291343,210035,2762,49.346685146050625,0.01786628716366786
538,999,2.603759575883313,50,39,26.041666666666668,0.6677350427350428
539,999,9.782652489585153,235,145,47.16054654141761,0.3252451485615008
494,999,642.2895364462404,1497542,3489,51.8111444157355,0.014849855091927629
540,999,36.61509899198917,1084,462,66.24512346375013,0.1433877131250003
495,999,11.361560350184384,289,169,40.64282238442823,0.2404900732806404
496,999,4.801182901426379,101,67,38.20599250936329,0.5702386941696014
497,999,4.868312036287864,102,74,26.95336787564766,0.3642347010222657
546,1078,328.4468544372722,63309,2204,50.664121491669704,0.022987350949033442
547,999,132.04080752850308,6813,1231,56.60889020060758,0.045986100894076024
548,999,15.850632395746723,434,220,41.57969094922737,0.18899859522376078
549,999,12.661581570908501,314,181,42.31587982832619,0.23378939131671927
206,999,772.0473956206574,5511127,3883,46.57402485714041,0.011994340679150247
207,999,63.618692899696036,2207,666,53.57703518748693,0.08044599878001041
559,999,101.34717494486,4415,964,52.07578044642738,0.05402051913529811
498,1091,398.02578545448756,132620,2532,55.99885791785419,0.02211645257419202
499,999,12.084205529522904,345,205,48.6411932979158,0.23727411364836976
500,999,222.9030266288511,20461,1669,47.67444522778431,0.028564676589445365
501,999,12.606201008176548,341,187,58.57984886649874,0.31326122388502003
412,999,768.8167494620972,5054851,3811,53.209672371144926,0.013962128672564925
413,999,81.0019424668149,3089,827,46.35443314694894,0.05605130973028893
414,999,14.677196053144268,370,219,43.40519974635383,0.1981972591157709
550,999,486.8451470531095,320979,2845,47.13448655657775,0.016567482093700438
415,1046,293.1993564576091,44366,2094,54.757882457698805,0.026149896111604013
572,999,2.2069413081071274,76,60,38.50666666666666,0.6417777777777777
573,999,23.010405117628384,642,308,40.07817969661611,0.1301239600539484
574,999,46.75993493061708,1485,524,44.12126608111082,0.08420088946776874
502,1095,387.6726950826901,114671,2452,48.60263053700525,0.01982162746207392
152,1165,738.1964034045644,3944522,3732,52.94021283301394,0.01418548039469827
153,999,18.99518095271401,502,249,41.36638214051214,0.16613004875707685
397,999,787.7251447963581,6500058,3846,51.39254053254153,0.013362595042262488
398,999,207.27264140861348,17265,1617,53.9197179636205,0.0333455274976008
399,999,158.24014064352914,9573,1377,50.11005943173224,0.03639074759021949
400,999,8.186301058955333,208,128,28.689655172413794,0.22413793103448276
401,999,237.7877593664522,24759,1750,50.737104482377866,0.028992631132787352
402,999,244.93795390969203,26396,1785,45.68658952881916,0.025594728027349672
585,999,545.8648374445295,566507,3121,50.03020982387379,0.016030185781439856
586,999,72.86053344539107,2696,759,45.31939993266077,0.059709354324981256
208,999,845.104628272241,11128133,4162,48.819801726184004,0.011729889890962039
587,999,2.3105832377092774,78,55,31.360824742268047,0.5701968134957827
209,999,1.758299891507779,50,38,23.584905660377363,0.6206554121151937
210,999,4.622928925086682,127,82,31.68762278978389,0.3864344242656572
588,999,22.22161260608857,641,315,55.65230935933903,0.17667399796615565
589,999,2.013855779021932,75,57,34.937888198757754,0.6129454069957501
211,999,33.20007651557733,1004,447,58.44248608534322,0.13074381674573426
590,999,1.0713851177258327,50,40,23.584905660377363,0.5896226415094341
212,999,17.9606257520938,469,247,45.70143361728651,0.18502604703354864
591,999,1.4971031477534023,25,23,21.55172413793103,0.9370314842578708
213,999,3.9404240252555587,77,55,27.073059360730593,0.4922374429223744
214,999,78.91670849715783,2899,808,50.2911298478257,0.06224149733641795
215,999,1.3759165726232923,25,22,18.939393939393934,0.8608815426997243
216,999,9.487606341668904,235,138,41.67924528301888,0.3020235165436151
217,999,17.304016686783694,461,242,37.018115310921445,0.15296741864017127
218,999,3.5490274127115202,77,54,26.35111111111111,0.48798353909465014
592,1005,262.75531616757047,31898,1900,49.55884819251005,0.026083604311847395
219,999,47.23892794628576,1546,542,51.70725164416753,0.095400833291822
220,999,72.07915652572282,2621,775,50.580126199223955,0.06526467896674058
598,999,15.261268927737472,435,232,46.23137063278768,0.19927314927925724
599,999,48.925507216526874,1554,547,48.3544111168956,0.08839928906196635
600,999,6.429972770985804,180,125,65.32258064516124,0.5225806451612899
560,2581,399.0673560259249,132215,2528,50.035669880185296,0.019792590933617602
593,1069,525.362297157596,462221,2997,48.998142955883694,0.016349063382009907
561,999,13.469401697356831,347,195,46.257779485209355,0.23721938197543257
562,999,14.259324739431737,403,196,36.45544332210999,0.18599715980668363
563,999,139.47847643882318,7453,1230,50.93863763706209,0.04141352653419682
594,999,205.02193833539334,16610,1672,54.003984547253964,0.03229903382012797
564,999,12.644001954580142,318,185,46.600921658986174,0.2518968738323577
565,999,4.8045277415045895,101,66,33.01294498381876,0.5001961361184661
566,999,149.27505296050836,8599,1320,50.99225697358558,0.038630497707261804
567,999,7.058640906072803,208,141,48.07111111111111,0.340929866036249
568,999,128.778036593211,6534,1119,43.55395639417447,0.038922213042157705
569,999,22.07795012462786,609,285,46.44721352536005,0.16297267903635104
570,999,38.555291316973445,1194,494,47.1346954969252,0.09541436335409959
571,999,10.145734866095445,262,163,52.161094224924035,0.32000671303634376
611,999,2.560952357428051,75,58,39.89361702127658,0.6878209831254584
612,999,74.73209599482854,2716,771,51.72317659762441,0.06708583216293698
93,1000,864.1279533786171,13725259,4128,50.67624316369793,0.01227622169663225
94,999,1.806318875998572,50,38,28.409090909090914,0.7476076555023925
95,999,22.52992472397796,617,307,59.251206225680946,0.19300067174488908
96,999,18.518280884244202,493,237,30.59914390028957,0.1291103118155678
97,999,7.038446130745057,182,109,32.0968992248062,0.2944669653651945
98,999,12.111613855387043,344,181,37.68662420382166,0.2082133933912799
99,999,10.686022326688175,286,171,40.93893893893894,0.23940899964291779
100,999,1.911035981949858,50,43,29.76190476190477,0.692137320044297
101,999,7.2216799782000525,181,118,37.1861520998865,0.31513688220242797
613,999,255.90902617007026,29186,1931,53.93545494090242,0.027931359368670337
102,999,2.217810685028627,51,33,10.616326530612243,0.3217068645640074
433,999,834.5735141083636,10060354,4018,53.85833422694525,0.013404264367084433
434,999,171.37403366660135,11374,1445,52.94502090906339,0.036640152878244556
435,999,1.515019612619646,25,23,21.55172413793103,0.9370314842578708
595,1085,568.1309938765319,719680,3180,47.664737579295085,0.014988911188457575
596,999,115.8680547513333,5449,1037,50.99800759518456,0.04917840655273342
597,999,35.183128015230324,1048,419,49.97742992355296,0.1192778757125369
624,999,28.85034935215086,836,367,48.52096639822272,0.13220971770632894
625,999,23.735577988648625,648,296,34.806366047745364,0.11758907448562624
626,999,154.41260369971076,9148,1314,47.22963337535994,0.035943404395251094
627,999,165.23959457278988,10659,1429,52.25007208775805,0.036564081237059516
541,999,766.3285789079082,5128146,3850,53.04075331961668,0.01377681904405628
542,999,17.19241838777207,492,248,48.277622656561626,0.1946678332925872
543,999,244.68805677187305,26497,1871,50.33405139673584,0.026902218811724124
544,999,108.47156784325749,4992,1034,51.24611645094821,0.04956104105507564
545,999,38.96441163239233,1156,462,43.44112866523633,0.09402841702432105
637,999,44.02109363303507,1400,512,48.04392587508579,0.09383579272477693
551,999,755.3326835355474,4536373,3805,46.95137456737876,0.012339388848194154
638,999,439.1459585766868,196001,2713,54.88273218156441,0.02022953637359543
639,999,35.40376225588377,1066,428,50.165813173229736,0.1172098438626863
640,999,13.360547267487876,341,201,51.11252747252749,0.2542911814553606
641,999,26.529267362013524,784,368,49.18822023047375,0.1336636419306352
160,999,895.4988336170992,18287166,4188,48.90353889694557,0.011677062773864749
161,999,1.1730183670652825,25,18,10.59322033898305,0.5885122410546139
518,999,814.3206682895657,8292720,3988,48.4026444982754,0.01213707234159363
519,999,6.241280674827373,154,97,32.22282608695653,0.3321940833706859
650,999,196.26480943037012,15275,1566,45.277821601688586,0.0289130406141051
651,999,18.93818948846035,499,271,57.62578106919696,0.21264125855792237
652,999,60.43423951656293,2038,686,48.74705412891413,0.07105984566897103
653,999,88.67229951875066,3475,883,48.58761210784886,0.05502560827615953
654,999,62.710223634044844,2129,675,48.21394304921765,0.07142806377661874
655,999,2.5113312649866577,77,58,34.67251461988304,0.59780197620488
162,999,399.50692594000054,134439,2544,48.37147436425924,0.0190139443255736
642,1126,393.178161337954,123708,2516,48.94507010563748,0.019453525479188185
163,999,23.25236731685932,686,338,48.99999999999999,0.14497041420118342
643,999,8.988569103445082,204,126,40.561403508771924,0.32191590086326927
552,999,501.9332746186203,362775,3017,51.60024243590356,0.01710316288893058
164,999,3.1236520180256777,75,52,26.40845070422535,0.5078548212351028
644,999,11.641734462060446,283,170,38.41199040767386,0.2259528847510227
553,999,28.637300802771776,835,391,51.353391765485746,0.13133859786569244
645,999,55.06736867866753,1862,604,51.03096850161908,0.0844883584463892
646,999,2.8874081439910904,50,43,34.722222222222236,0.80749354005168
647,999,16.020211468549828,470,227,47.100213219616215,0.20748992607760447
648,999,10.257704156655215,267,161,41.374927452118406,0.25698712703179133
649,999,28.939843997653153,841,368,35.15487847308515,0.09552956106816617
663,999,5.9798957095722765,154,102,41.60701754385966,0.4079119367045065
664,999,3.2318681634983486,76,51,23.672131147540984,0.4641594342655095
665,999,70.43349783030165,2534,736,42.891201538995915,0.058276089047548794
666,999,40.06848321313554,1258,485,46.88800663664375,0.09667630234359537
667,999,1.248548277539378,50,38,18.939393939393945,0.4984051036682617
668,999,1.232455467716197,50,42,26.041666666666675,0.6200396825396828
669,999,3.4354280940204664,101,71,34.346801346801335,0.4837577654479061
670,999,23.20752568099028,674,306,45.50040064102565,0.14869411974191388
671,999,6.406040356021968,155,112,47.95409181636725,0.42816153407470764
672,1001,255.96505628693092,28941,1885,56.93984922435075,0.03020681656464231
673,999,27.215557689945907,775,361,54.95699515051696,0.15223544363024089
674,999,11.946990465705868,289,166,39.304,0.23677108433734942
328,999,891.898138731327,18211587,4180,50.670403098306664,0.012122106004379584
329,999,46.88092390826877,1516,561,65.66445714285715,0.1170489432136491
330,999,10.803866430901456,265,154,49.28070175438597,0.3200045568466622
331,999,28.874194144118523,840,409,64.23889293517846,0.15706330790997178
332,999,106.60832987593466,4693,1007,49.20619270718132,0.048864143701272414
333,999,4.814711724489779,102,79,49.07547169811317,0.6212085025077616
656,999,476.9446726292792,292445,2785,52.9314976857614,0.019005923765084882
657,999,122.93100468250981,5969,1134,54.114707387791874,0.04772020051833498
658,999,16.147810720402067,425,214,40.56254210644509,0.1895445892824537
659,999,31.729244571311906,943,406,43.58422780963583,0.10735031480205869
628,999,600.4446885749495,999702,3341,44.09568998163491,0.013198350787678812
660,999,168.8770156962317,11087,1406,46.00628442614331,0.03272139717364389
661,999,5.132860424380945,127,92,37.422273781902554,0.40676384545546257
675,999,418.3546313214853,157725,2580,51.80468203233458,0.020079334121059916
676,999,90.12877938814387,3695,857,46.886837161862836,0.05471042842691113
677,999,95.87298573997847,3988,915,46.87892471850498,0.051233797506562824
678,999,45.80370149620346,1411,568,49.043502894445126,0.08634419523669916
662,1050,301.5592868925543,48499,2169,49.33065571843423,0.022743501944875164
689,999,140.7491403283055,7748,1257,56.58246336323089,0.045013892890398484
690,999,9.144044889993294,236,135,35.1172761664565,0.26012797160338147
554,999,528.108739645335,479432,3110,57.53620981988362,0.01850038900960888
555,999,352.7041041116182,81048,2393,47.278415336982036,0.01975696420266696
556,999,13.621320566203348,342,204,53.213830755232024,0.260852111545255
557,999,119.18461392595907,5785,1129,52.91462502589109,0.04686857841088671
558,999,106.63225171971851,4641,1024,45.471663179761734,0.04440592107398607
702,999,17.643769827266713,462,239,48.116321009918835,0.20132351886995328
703,999,1.4354081336159081,25,21,18.93939393939393,0.9018759018759015
334,1037,556.0465870153197,626669,3171,54.212407252990495,0.01709631259949243
691,999,527.8730057048529,470912,3090,60.48514574890044,0.019574480824886876
692,999,76.31655619579418,2863,783,48.64349255520543,0.06212451156475789
693,999,113.15002880612825,5371,1056,54.019877569899194,0.05115518709270757
335,999,234.78848087379475,23151,1708,46.80730702848259,0.027404746503795426
336,999,5.176083766986787,155,105,44.906542056074755,0.42768135291499765
337,999,3.528123752344593,76,54,23.479674796747968,0.43480879253236976
715,999,15.517735487358845,433,229,47.47758926310458,0.20732571730613356
716,999,5.442209734638162,156,108,46.44274809160307,0.43002544529262104
717,999,25.949809412112607,733,330,42.15684582189093,0.12774801764209373
718,999,7.755423139773389,209,124,35.951440329218116,0.2899309703969203
368,999,901.6724601914165,20035520,4160,49.55600261980873,0.011912500629761714
719,999,14.133035947292683,373,222,58.53134202776609,0.26365469381876616
369,999,63.963688472644826,2195,703,45.44063416612436,0.06463817093332057
720,999,9.432118532561429,238,145,39.55586592178771,0.2727990753226739
721,999,3.306452822758416,103,74,43.65843621399177,0.5899788677566455
370,999,10.391025010046857,293,164,35.48945845390658,0.2163991369140645
371,999,6.975979783386755,184,114,29.18620689655173,0.25601935874168186
722,999,79.96265004478794,3074,772,44.07322624577899,0.057089671302822526
372,999,1.18248700040375,50,40,26.595744680851066,0.6648936170212767
723,999,43.17859954276109,1350,494,47.70442885561722,0.096567669748213
724,999,37.22733431886671,1117,457,59.405275436842366,0.12998966178740123
725,999,100.41552845327837,4365,965,49.658250084052874,0.05145932651197189
726,999,44.097977665369875,1424,539,49.12010077031152,0.09113191237534604
727,999,1.4324003083963783,50,45,34.72222222222223,0.771604938271605
728,999,3.0124012531762627,77,56,32.75690607734807,0.5849447513812155
373,999,413.21343478976684,149471,2631,58.16106059852179,0.022106066362037928
374,999,46.17475775243825,1458,527,53.60240052448433,0.10171233496107084
629,1036,588.0283845163539,899104,3247,49.366192901690724,0.015203631937693479
630,999,138.35121798416318,7398,1234,45.51135155991439,0.036881160097175354
631,999,22.398298732296336,609,300,56.96221778528645,0.18987405928428816
375,1005,264.8679934155946,32839,1957,60.36315633952285,0.030844740081513975
376,1054,311.44330888919114,52791,2154,52.55599383914519,0.024399254335722
275,999,933.1702989506732,26997799,4288,44.58911230524393,0.010398580295066216
632,1101,387.996491672659,118890,2480,47.78524279921252,0.019268243064198595
633,999,50.47783609620115,1608,573,54.1364264478037,0.0944789292282787
741,999,351.82884753031857,80835,2380,56.044373880691275,0.023548056252391293
742,999,7.883499399459383,209,123,24.63677382966723,0.20029897422493684
743,999,1.9652319215868908,50,41,27.173913043478265,0.6627783669141041
744,999,15.461925523222556,435,217,30.65365300502187,0.14126107375586114
343,999,925.226959048389,24789865,4358,45.79731945885022,0.010508792900149201
344,999,213.2983827902069,18786,1683,51.54745817720474,0.030628317395843575
634,1054,306.90018340977133,49801,2140,46.59756325746958,0.021774562269845598
704,999,613.2534133598232,1127049,3348,56.340483704051465,0.01682810146477045
705,999,3.4989523723027443,76,57,37.02564102564102,0.6495726495726495
276,1015,397.7069553572415,131407,2543,50.112864950817816,0.019706199351481643
277,999,4.484662348690471,126,89,44.59550561797754,0.5010730968312083
706,999,120.52779958683153,5673,1117,56.74870616614325,0.05080457132152484
707,999,9.870909899385008,234,148,52.649999999999984,0.35574324324324313
708,999,37.634110494265094,1165,460,47.35772357723577,0.1029515729939908
278,999,241.0815550503476,25056,1809,51.69137619573791,0.028574558427715814
279,999,18.136935066482735,497,248,46.57910616632095,0.1878189764771006
280,999,65.58608367714389,2327,714,53.25618379771236,0.07458849271388286
281,999,6.387151550650214,155,106,44.73929236499068,0.4220687958961385
282,999,175.1026757137545,11675,1467,54.130969698630416,0.03689909318243382
283,999,2.13429896833293,76,56,31.736263736263737,0.5667189952904239
284,999,7.885435817890227,209,130,50.615295480880654,0.389348426776005
285,999,1.5823263403633507,25,21,16.025641025641022,0.763125763125763
754,999,88.86611248159586,3642,939,49.80872843613642,0.05304443922911227
709,1066,318.0227058213056,56758,2185,51.154036461132854,0.02341145833461458
745,1084,435.14517128709167,192184,2663,48.11569633121502,0.018068229940373645
746,999,6.0031933563980875,182,115,43.69920844327178,0.37999311689801546
635,999,473.6366004585601,282774,2896,50.89561580479222,0.017574452971268032
636,999,105.7782746600991,4567,1024,51.3967985254292,0.05019218605998945
767,999,9.357868209212404,235,139,43.110850897736164,0.3101500064585336
768,999,1.8745677215155099,25,22,20.161290322580637,0.916422287390029
769,999,33.012586975716054,974,409,45.35647351310002,0.11089602325941325
770,999,12.439791799678595,317,173,39.146474483833266,0.22628019932851598
755,999,443.2872493092693,203225,2726,57.0358904899374,0.020922923877453193
756,999,3.100733351314148,102,82,49.5428571428571,0.6041811846689891
757,999,1.0799100431037605,25,21,18.93939393939393,0.9018759018759015
758,999,11.571994141444373,290,164,42.951991828396324,0.26190238919753855
759,999,1.014138293002624,25,23,21.55172413793103,0.9370314842578708
760,999,5.286524944367776,154,110,44.41198501872662,0.4037453183520602
761,1031,283.5787129053169,39800,2005,50.05124119204133,0.024963212564609143
601,999,814.3372013393191,8206209,3955,50.86322202437934,0.012860485973294396
602,999,9.560889761981453,239,145,53.83694627709706,0.3712892846696349
603,999,13.166181064190056,379,220,43.122485740018014,0.1960112988182637
526,999,879.9458089214235,15750172,4149,55.9257298720092,0.01347932751795835
762,999,474.48854328021264,279612,2893,50.753675538672,0.017543614081808503
763,999,239.7085973605986,24856,1761,51.46632759009054,0.029225626115894687
764,999,132.62296548933418,6902,1169,53.658519112584926,0.04590121395430704
765,999,22.541955299238964,647,289,49.19602773533905,0.17022846967245348
766,999,7.247397587614557,210,142,64.28571428571428,0.4527162977867203
780,999,1.7479066024626428,50,44,36.76470588235295,0.8355614973262034
781,999,12.666145773489104,316,175,37.539849624060146,0.21451342642320084
345,999,615.6235073704584,1187131,3353,52.2985750366152,0.015597546983780256
154,1093,805.6963526461287,7681038,3968,45.58240172752918,0.011487500435365217
155,999,2.7405341862271673,77,55,23.434782608695652,0.4260869565217391
793,999,10.563399285907725,267,154,46.624591236102034,0.30275708594871453
747,1043,581.0916749269819,800967,3199,53.31616732157839,0.01666651057254717
748,1013,266.1280478563992,33306,1921,57.106422800280505,0.02972744549728293
749,999,31.47843268251325,906,394,48.00210526315789,0.12183275447502001
750,999,1.088506110323249,25,22,16.89189189189189,0.7678132678132678
751,999,124.53558655516076,6189,1126,48.63501380820875,0.043192729847432276
752,999,5.551483787678485,154,101,49.000000000000014,0.4851485148514853
753,999,2.2924136107720305,77,55,30.096446700507613,0.5472081218274112
806,999,232.24944682270026,23255,1719,55.26374373819132,0.03214877471680705
604,1067,521.1442283871254,442584,2954,58.94778271456096,0.019955241271009127
605,999,2.553834361758096,76,62,46.58064516129031,0.7513007284079083
606,999,23.252574718376053,675,331,39.76132297757222,0.12012484283254447
607,999,145.11380465997692,7959,1308,53.19174854499943,0.040666474422782435
608,999,29.84455185632098,854,372,53.28920064299284,0.14325053936288398
609,999,13.127876704026692,376,207,47.09393737508328,0.22750694384098202
610,999,3.5098859219737237,103,65,30.398280802292273,0.4676658584968042
819,999,2.507786840219743,76,60,31.73626373626373,0.5289377289377288
820,999,18.847417497062054,493,249,38.73290836653386,0.15555384886158177
821,999,33.48402560952266,992,422,49.87653319817537,0.11819083696250088
822,999,18.11624171150059,525,260,56.21558229655313,0.21621377806366587
694,999,716.6818773154695,3177361,3676,47.481809063112955,0.012916705403458366
695,999,15.601148158215624,430,227,49.43850267379678,0.21779076067751887
696,999,6.592516949465864,182,111,33.39112903225807,0.30082098227259524
697,999,1.2377696287606061,50,40,31.250000000000007,0.7812500000000002
698,999,2.1307686262611383,75,49,24.35064935064935,0.4969520275642724
699,999,34.634680874688534,1015,432,54.95412599349231,0.1272086249849359
807,999,499.0803384415013,362976,2953,49.79390685613885,0.01686214251816419
808,999,348.75591151244095,78277,2306,56.76792603221892,0.024617487438082793
809,999,9.512811001282575,235,131,32.46619635508525,0.24783355996248285
810,999,54.713785758755776,1843,607,44.16911353558471,0.07276624964676229
811,999,139.02159397420402,7560,1233,47.86260654307196,0.038818010172807754
812,999,5.243449171082226,128,81,26.94736842105263,0.3326835607537362
813,999,8.461407227582434,207,127,43.76813074565884,0.3446309507532192
814,999,205.67360539359873,16685,1630,49.78630315774339,0.03054374426855423
815,999,165.7843608645852,10478,1411,51.83122398724951,0.03673368106821368
816,999,44.445341021069446,1376,520,52.39873803066366,0.10076680390512242
794,1040,567.3653305383742,705829,3154,46.79392308127149,0.014836373836801359
795,999,47.74027030058421,1493,557,48.90302977117659,0.08779718091773177
527,999,641.7202642522366,1477739,3390,52.2155260985276,0.015402810058562713
528,999,200.57223228915075,15958,1583,53.48530495880718,0.03378730572255665
529,999,2.154332770572767,76,56,40.1111111111111,0.7162698412698411
294,999,946.2485805848636,30660090,4357,53.86430727129328,0.012362705364079248
817,999,507.59106995930557,387301,3007,54.22823940804068,0.018034000468254298
295,1046,297.86532599721255,45807,2083,53.037016189616146,0.025461841665682258
296,999,219.0564860713781,19697,1682,49.60213880019305,0.02948997550546555
297,999,19.2845026751936,545,274,45.70318510540082,0.16679994564014897
298,999,143.91353594177227,7832,1253,47.49673161115077,0.037906409905148264
782,999,663.7571142134066,1822540,3528,49.46219715592389,0.01401989715303965
783,999,3.034510261606947,77,48,27.322580645161292,0.5692204301075269
832,999,127.040495160935,6285,1153,55.66461489031593,0.04827807015638849
784,999,2.1512195119332462,51,37,24.308411214953267,0.6569840868906288
833,999,3.820400901025865,75,57,35.377358490566024,0.6206554121151934
785,999,7.7565821829777075,208,139,43.78947368421052,0.31503218477849293
834,999,5.675343000953103,154,101,39.26490066225167,0.3887613926955611
835,999,1.0351633280205201,50,43,36.764705882352956,0.8549931600547199
836,999,6.807196768086755,183,108,33.79313824419778,0.31289942818701644
837,999,17.502887682482303,497,265,49.01944830323477,0.18497905020088592
838,999,1.3193446114913145,25,17,10.245901639344261,0.6027000964320154
786,999,184.8405224592837,13449,1505,53.71878299406341,0.035693543517650105
839,999,70.17747820281879,2563,725,44.8182698933608,0.06181830330118731
840,999,32.038885034355765,975,392,40.644106203771,0.10368394439737501
841,999,115.4374341108425,5469,1109,50.92834265573519,0.04592276163727249
842,999,28.866954242134266,846,376,55.327458256029686,0.1471474953617811
818,1125,328.2336866888492,63724,2231,50.38042965298324,0.022581994465702932
845,999,6.513447308428933,155,96,32.68707482993196,0.34049036281179124
846,999,1.2937483967693648,25,21,16.89189189189189,0.8043758043758044
729,999,766.2651993434918,5061284,3850,51.09578662753883,0.013271632890269825
575,999,896.4345256935131,18536732,4190,46.28476870965607,0.01104648417891553
576,999,1.8862469878359385,25,22,20.161290322580637,0.916422287390029
577,999,14.770559140104229,372,195,32.60697455230915,0.16721525411440588
578,999,2.778572680147939,77,56,24.2,0.4321428571428571
579,999,3.672698450485347,77,57,38.251612903225805,0.6710809281267686
580,999,1.604863738889923,25,21,16.025641025641022,0.763125763125763
581,999,83.96841795088105,3291,849,57.18446771102277,0.06735508564313636
582,999,3.1963519594967855,102,73,32.512499999999996,0.4453767123287671
583,999,7.448628094716667,205,144,61.171761280931584,0.4248038977842471
584,999,42.17351411479256,1302,490,40.65432394839081,0.08296800805794043
858,999,38.33376128231274,1203,470,62.90845468376439,0.13384777592290295
859,999,31.074831069477554,949,406,46.54028215596093,0.11463123683734219
530,999,601.4062536822609,978037,3339,53.66079664512298,0.01607091843220215
531,999,227.52301760150118,21660,1722,52.69872906762722,0.030603210840666212
532,999,20.90239593110716,552,287,61.7810218978102,0.21526488466135957
843,1001,567.9105125410183,694199,3263,46.37067026725213,0.01421105432646403
844,999,3.7130565917710427,75,50,24.35064935064935,0.48701298701298695
884,999,37.918557517074774,1155,474,50.83742997599176,0.10725196197466616
436,999,853.0728222527207,12511655,4107,50.4796327064905,0.012291120697952398
437,999,3.2641494693131783,102,73,38.53333333333332,0.5278538812785386
438,999,14.532434080015673,374,197,42.515501519756846,0.21581472852668449
439,999,7.863911633283704,207,135,41.56062075654705,0.3078564500484967
440,999,12.364825867251675,324,178,45.68146214099218,0.25663742775838305
441,999,2.018929743956648,50,43,32.89473684210527,0.7649938800489597
897,999,182.6106664283204,12851,1523,51.284454663147685,0.03367331231986059
898,999,9.262100097951661,235,137,51.08695652173915,0.3728974928594098
885,999,447.42555567181176,212848,2736,50.317505518238185,0.018390901139706938
886,999,2.2326499279658685,50,37,26.595744680851066,0.7188039102932721
887,999,6.6828002258220245,180,120,46.68587896253601,0.38904899135446674
888,999,3.3972024433220223,102,68,39.112781954887204,0.5751879699248118
889,999,180.9477808607894,12529,1450,49.35277891048134,0.034036399248607824
890,999,1.89031466893738,25,24,23.148148148148145,0.964506172839506
891,999,1.692080162120106,26,20,13.519999999999996,0.6759999999999998
892,999,35.872290569166985,1086,440,59.19474001204578,0.13453350002737677
893,999,8.101062767986175,208,132,35.87396351575456,0.2717724508769285
894,999,8.055348123533378,236,137,35.20606826801517,0.2569786004964611
895,999,5.189875358772995,156,100,30.88324873096448,0.3088324873096448
896,999,78.35551408366221,2953,809,48.79120995943489,0.06031051910931383
910,999,47.30758412596117,1518,513,40.796048438495866,0.07952446089375413
911,999,5.00920847958409,153,114,59.263291139240536,0.5198534310459696
912,999,112.83557144648428,5060,1078,54.8799883396422,0.050909080092432474
913,999,1.9096250204908454,25,21,13.888888888888888,0.6613756613756613
914,999,27.709966380162072,809,345,49.69106370055425,0.1440320686972587
730,999,589.9128303283259,890308,3207,52.1321700464805,0.01625574370018101
731,999,14.748601433209117,402,212,41.844640082858625,0.19738037774933315
732,999,48.11782771578197,1583,567,52.70340925820768,0.09295133907973135
915,999,368.2072771036847,95185,2456,54.03352591043044,0.022000621299035197
916,999,53.110808614919776,1732,595,52.869651039830806,0.08885655636946355
917,999,17.512362197911386,457,253,59.315251349048566,0.2344476337907058
918,999,25.23694301170232,743,339,44.209898294225994,0.13041267933399997
919,999,41.16682186262897,1312,535,56.75758375098919,0.106088941590634
920,999,214.97124090351164,18775,1688,54.680939995492125,0.032393921798277325
503,999,933.9607365939216,26563098,4394,55.26368323587722,0.012577078569840059
921,1077,512.487399581495,407351,2968,48.91560154290409,0.016480997824428602
922,999,1.1248619204824866,51,38,23.86238532110091,0.627957508450024
504,1020,377.9868567780596,104019,2456,54.95034673948423,0.02237391968220042
505,999,2.821931086100512,76,51,22.92063492063492,0.4494242141300965
506,999,2.4572366596277306,76,67,56.62745098039214,0.8451858355282409
936,999,180.8234408710248,12814,1463,49.51554445550832,0.033845211521195025
937,999,197.5076855553523,15342,1571,53.75994770568276,0.03422020859686999
871,999,648.2745859223646,1616373,3447,50.05613210117384,0.014521651320328935
938,999,160.17308312022132,9831,1330,50.02029358442014,0.037609243296556495
443,999,973.6160457815022,40532114,4408,51.719781806235595,0.01173316284170499
444,999,1.236073964251491,50,41,34.72222222222223,0.8468834688346885
445,999,9.847888857016901,264,157,42.9691738594328,0.27368900547409425
939,999,233.51720087026882,23678,1779,50.4974361625645,0.02838529295253766
940,999,82.42475426836471,3177,830,55.28198204612798,0.06660479764593732
941,999,1.0341212262975368,50,37,24.509803921568633,0.6624271330153685
942,999,72.39860369617917,2695,772,49.73141839843884,0.06441893574927311
943,999,89.04245068401944,3607,867,51.29676183116417,0.059165815260858325
384,999,982.6565546767443,44555944,4455,46.50853089577348,0.010439625341363296
385,999,227.92333054901658,22171,1761,46.49906061259921,0.026404918008290295
386,999,3.764858871840348,75,59,40.467625899280556,0.6858919643945857
387,999,100.06442247091417,4285,947,61.84167096094063,0.06530271484787818
614,999,896.6142368851775,18460929,4227,52.887840590244316,0.012511909295066079
615,999,16.91396666543233,432,235,44.73250239693192,0.19035107402949752
616,999,19.47793205743491,559,271,37.53525525525526,0.13850647695666146
617,999,50.180821401106556,1609,567,53.9204173869577,0.09509773789586896
618,999,2.800860442059096,76,55,30.399999999999995,0.5527272727272726
619,999,1.0545448196983753,50,41,30.487804878048784,0.7436049970255801
620,999,21.34970034722116,613,297,50.43202254730908,0.1698047897215794
621,1039,291.7787791113665,43995,2050,48.45208645286379,0.02363516412334819
622,999,3.4171151579416152,76,60,31.73626373626373,0.5289377289377288
623,999,51.21240839944067,1676,605,59.96447784134575,0.09911483940718305
949,999,23.67987258478805,678,309,47.31206257719226,0.15311347112359955
950,999,2.246675564666842,76,58,27.5047619047619,0.4742200328407224
944,999,472.79995734825116,268407,2918,52.3763050708961,0.017949384876934923
388,999,413.54007735616557,153259,2626,54.305219634779775,0.020679824689558177
951,999,2.3694279366923174,76,57,28.88,0.5066666666666666
389,999,20.310662519510057,552,295,70.82845188284516,0.24009644706049207
952,999,79.47405153920676,3022,787,46.39641122558882,0.05895350854585619
710,999,812.3422351845886,8443125,3969,56.07825206582337,0.01412906325669523
953,999,7.254893930409679,205,127,40.21531100478469,0.316655992163659
711,999,5.00676760447272,129,87,42.56010230179028,0.4891965781814975
954,999,1.2417241346084062,50,33,20.491803278688526,0.6209637357178341
955,999,1.557245031427928,25,22,18.939393939393934,0.8608815426997243
962,999,172.26117946478107,11593,1421,55.82816297622485,0.03928794016623846
945,999,247.80256475221972,27785,1853,51.22197767390003,0.027642729451645996
956,999,142.82821976204133,7806,1261,48.154188524292195,0.03818730255693275
446,999,524.4909454832865,466357,3037,54.99389151510966,0.018107965596018984
447,999,178.07963550937993,12514,1420,50.71420669608044,0.03571423006766228
448,999,42.07795800988462,1301,501,51.93780109853018,0.1036682656657289
449,999,1.7858951004905153,25,18,13.297872340425531,0.7387706855791962
450,999,12.553514970969756,318,187,54.3093447905478,0.29042430369276895
451,999,16.647132950817323,437,228,47.21112484548826,0.20706633704161517
452,999,76.33682904678086,2864,792,44.70073788270173,0.05644032560947188
453,999,1.0750355857611305,50,40,31.250000000000007,0.7812500000000002
454,999,1.571207093958801,25,23,21.55172413793103,0.9370314842578708
975,999,32.753132323341205,989,393,42.77434731272138,0.1088405784038712
976,999,126.00413881908382,6300,1167,56.5784371863881,0.04848195131652794
712,999,407.4829049899141,145804,2566,46.79705858117898,0.01823735720233008
713,999,1.0193602191192361,25,23,20.161290322580644,0.876577840112202
977,999,95.62255852338163,3931,924,46.22575376395873,0.05002787203891637
978,999,200.48223354218737,16122,1643,49.683699731165525,0.030239622477885288
963,1128,393.9339283929371,123251,2482,59.61040299960525,0.024017084206126207
964,999,46.869051720731534,1489,559,59.62086212923871,0.10665628287878123
965,999,40.91201220350954,1254,475,49.57490542244641,0.10436822194199245
966,999,174.10848295335504,11845,1474,52.99336903138228,0.0359520821108428
967,999,12.159432685776776,320,193,62.89926289926288,0.3259029165764916
968,999,181.20702530901153,13034,1478,46.50957595110675,0.031467913363401046
969,999,1.0485274028814036,51,39,23.017699115044238,0.5901974132062625
970,999,2.236796827328933,78,55,30.11881188118812,0.5476147614761476
714,999,423.99704837193343,166417,2643,47.31375695515202,0.01790153498113962
971,999,2.057488072637325,75,60,33.682634730538915,0.5613772455089819
988,999,3.2811632493092358,103,72,37.487632508833926,0.5206615626226934
972,999,10.781025288854325,292,171,41.27008712487901,0.24134553874198253
973,999,37.422515336092715,1128,446,46.741018294026894,0.1048004894484908
974,999,443.71418546990475,203516,2765,55.68472028747963,0.020139139344477263
860,999,741.8077000639538,4032579,3722,51.77168196354726,0.013909640506057834
861,999,20.513756003579623,581,288,48.56294058408862,0.16862132147252995
862,1069,327.22148157069836,63209,2248,53.19403415868513,0.023662826583044985
863,999,250.9569688740231,27361,1883,57.914823183341184,0.03075667720835963
864,999,102.32846506724599,4427,983,53.41788888676896,0.054341697748493345
865,999,104.98551895914763,4679,1027,52.30499683442237,0.05092988980956414
946,999,617.4672423462416,1155658,3316,48.990225062056204,0.014773891755746744
947,999,1.8926434136672474,50,43,36.764705882352956,0.8549931600547199
948,999,22.867065629633405,644,313,49.573989959359295,0.15838335450274535
989,1031,588.6038064101757,861873,3262,56.769985287719486,0.01740342896619236
990,999,3.2288424444836052,101,81,44.938325991189394,0.5547941480393752
991,1106,328.9777905878219,64479,2263,49.7306318105242,0.021975533279065047
899,999,753.8983437437539,4479663,3749,52.93299585987983,0.01411923069081884
992,999,178.10191479016785,12168,1500,57.12781857411403,0.038085212382742685
900,999,12.611658842416457,340,189,60.5235602094241,0.3202304772985402
901,999,9.783263977800297,237,139,28.848998459167944,0.20754675150480537
902,999,15.902269064762576,433,213,35.02503269194845,0.1644367732016359
903,999,9.754526944272916,236,144,38.83960948396095,0.26971951030528435
904,999,215.30368325133372,18795,1669,48.27929545570405,0.02892707936231519
957,1100,640.2854266448303,1474090,3450,49.89738109049133,0.014463009011736618
993,999,370.390556489568,96886,2443,52.990362433669304,0.02169069276859161
994,999,1.5690809481766201,25,23,20.161290322580644,0.876577840112202
995,999,11.574808470003195,318,168,40.4496,0.24077142857142855
996,999,133.073776098978,6975,1200,51.76969750497737,0.04314141458748114
997,999,15.95039892563004,407,213,39.61946902654868,0.18600689683825672
998,999,1.0800896178348718,26,21,18.77777777777777,0.8941798941798939
958,1018,271.37201909013476,34363,1964,43.93565525407868,0.02237049656521318
959,999,9.533038098186537,234,140,45.02960526315788,0.3216400375939849
960,999,12.89035421605228,314,190,44.573236889692595,0.23459598362996104
961,1017,271.2793111285155,34564,1978,51.166735093412576,0.025867914607387552
905,999,496.6456314724548,352084,2865,48.879704573572035,0.017060978908751145
906,999,2.381308401395596,50,42,31.250000000000014,0.7440476190476194
346,999,858.9600232692136,12680366,4076,50.34707270519503,0.01235207868135305
347,999,2.3437322836323937,50,37,26.041666666666668,0.7038288288288289
999,1024,526.9405035518189,461192,2986,53.271866035236236,0.01784054455299271
103,999,982.9021425849427,44201270,4366,55.33490775291442,0.012674051248949707
165,999,968.0790684728172,38629473,4431,50.2472888532327,0.011339943320521937
166,999,1.5768465529007618,25,22,16.89189189189189,0.7678132678132678
167,999,10.402497397956056,294,172,41.95922330097087,0.2439489726800632
168,999,9.478040818794204,235,144,34.886291850915995,0.24226591563136107
796,999,880.4229839443057,15962833,4128,52.285088433890294,0.01266596134541916
797,999,149.21435096407998,8605,1293,50.40878923229521,0.03898591587957866
798,999,91.82242413398747,3742,939,60.392843895832804,0.06431612768459298
799,999,63.86486821015186,2163,691,54.591766723842206,0.07900400394188452
800,999,1.5461359595448052,25,21,17.857142857142854,0.8503401360544216
801,999,14.039707653846456,410,216,46.46213377556661,0.21510247118317877
802,999,3.5613382343866276,75,66,52.57009345794389,0.7965165675446044
803,999,223.56767164410306,20664,1760,49.15574279466964,0.027929399315153206
804,999,1.0337256495084743,25,19,15.243902439024389,0.8023106546854941
805,999,232.85678879518193,23066,1797,50.45107195654709,0.028075165251278292
787,999,877.2697622331958,15126463,4221,47.87236301938267,0.011341474299782675
788,999,92.19637884677758,3795,934,58.74804710604571,0.06289940803645151
700,999,896.138817591563,18371787,4211,51.17054772945487,0.012151638026467553
701,999,2.951274478258839,75,53,22.233201581027664,0.41949436945335217
733,999,848.8498428642364,11872227,4064,48.34122499864959,0.011894986466203147
679,999,981.5584391899299,43510923,4492,49.36749754243307,0.01099009295245616
680,999,2.451516907215192,50,38,27.173913043478265,0.7151029748283754
681,999,3.2177131568228727,102,68,38.249999999999986,0.5624999999999998
682,999,23.838431045750056,680,301,43.279670535380006,0.14378628084843856
789,1024,372.6540859930081,100866,2431,58.749317519437554,0.02416672872045971
790,999,1.6685190159819996,50,40,27.777777777777786,0.6944444444444446
791,999,226.14229457716615,21088,1739,46.8874604986751,0.02696231196013519
792,999,2.372166554599219,77,56,24.399176954732507,0.4356995884773662
734,999,402.68966565166204,135332,2580,54.278470947359686,0.021038167033860345
683,1036,292.91652834097175,42575,2032,49.37011742595431,0.024296317630883028
735,999,6.060217205670266,182,107,31.606870229007633,0.2953913105514732
684,999,13.240063173799095,345,197,47.138613861386126,0.2392823038649042
736,999,114.83623484748395,5281,1090,46.52634450129541,0.042684719725959094
737,999,4.2969805536819585,102,78,38.82089552238804,0.49770378874856464
685,999,133.07212243762285,7034,1198,53.08502675862306,0.04431137458983561
738,999,3.185528849427848,76,56,34.38095238095238,0.6139455782312925
686,999,69.82858403610582,2493,718,46.42912424081696,0.06466451844124925
687,999,36.52314099319575,1121,453,42.32682138165651,0.09343669179173622
688,999,72.07022839395161,2618,759,49.281860277833694,0.06492998719082173
739,999,227.40075411278696,22230,1738,45.33297899138773,0.02608341714118972
740,999,68.51667751179335,2483,717,48.19079219916363,0.06721170460134397
771,999,941.9116598554841,29251822,4347,54.77085741332283,0.012599691146382064
772,999,48.58578144455324,1562,551,53.52647975077881,0.09714424637164938
773,999,1.1536696017400752,25,22,18.939393939393934,0.8608815426997243
774,999,119.24395538110511,5782,1134,47.351823734037374,0.041756458319256944
775,999,1.65809920672875,25,22,18.939393939393934,0.8608815426997243
776,999,7.52255915347346,184,113,38.29864253393665,0.3389260401233332
777,999,1.0732496354446008,25,21,16.025641025641022,0.763125763125763
778,999,13.020218763709389,381,204,49.22380467955239,0.24129316019388425
779,999,369.07833473121707,97551,2353,51.11711212555499,0.02172422954762218
979,1071,811.4794744983385,7908127,3954,58.473660241818315,0.014788482610475042
980,999,449.17576654889507,220188,2809,57.334657874719966,0.020411056559174072
981,999,2.9795025352118816,76,53,27.504761904761907,0.5189577717879605
982,999,2.254017419571154,75,62,44.999999999999986,0.725806451612903
983,999,97.75514296605294,4106,948,47.315405426643764,0.04991076521797865
984,999,146.04739741857006,8075,1265,48.813145623552856,0.03858746689608922
985,999,13.600716722475953,346,189,38.793259883344135,0.20525534329811712
823,999,948.6472695079356,31878533,4366,45.38181647511286,0.010394369325495388
824,999,5.0244664730032325,128,88,46.54545454545455,0.5289256198347108
825,999,16.050116656791673,463,240,46.5513572204126,0.19396398841838583
826,999,3.3280519538236515,76,58,36.1,0.6224137931034484
986,999,560.433436905331,636556,3170,47.929175206449514,0.0151196136297948
987,999,1.0023790640817694,25,23,21.55172413793103,0.9370314842578708
827,999,648.8788924258807,1585510,3451,53.3568394350464,0.015461269033626891
923,999,915.4667838536228,22586021,4289,52.701728988495525,0.012287649565981704
924,999,17.97129529041827,498,238,42.04883011190233,0.17667575677269887
925,1044,298.5574413600753,46632,2107,44.29202980177936,0.021021371524337615
926,999,2.85964912640339,50,42,33.7837837837838,0.8043758043758047
927,999,71.47058219699232,2647,736,49.11782767492237,0.06673617890614451
928,999,89.50957415773718,3592,881,50.058444682402964,0.056820028016348424
929,999,71.57726246924427,2553,750,53.950459809123345,0.07193394641216445
930,999,3.3050511700666947,102,69,28.582417582417577,0.4142379359770663
931,999,15.254421969850428,431,236,46.8738329548322,0.198617936249289
932,999,55.074358953235404,1819,615,54.02323379104283,0.08784265657080134
933,999,4.782681220218597,101,63,35.05498281786941,0.5564282986963398
934,999,7.433963761613744,186,120,40.32167832167832,0.336013986013986
872,999,923.3570406897609,24775527,4357,54.24715725085871,0.01245057545349064
873,999,1.0971433720853117,51,33,17.937931034482755,0.5435736677115987
874,999,14.328888068528608,374,206,38.554575523704514,0.18715813361021608
847,999,984.1623723986572,45023387,4542,49.42728965926869,0.01088227425347175
848,999,2.3730612712158003,75,49,26.40845070422535,0.5389479735556194
849,999,1.1219794080708185,50,40,27.777777777777786,0.6944444444444446
850,999,160.17283449821542,9733,1334,52.48640153628538,0.039345128587920074
851,999,7.386324866078237,181,121,44.93964334705076,0.3714020111326509
875,1016,407.5277151045702,142144,2632,51.188093948377485,0.019448363962149502
876,999,78.50483777913621,2978,796,51.7154986412885,0.06496921939860364
877,1033,282.36324073568807,40041,1996,50.68301720811308,0.025392293190437416
878,999,148.30119264673695,8466,1274,48.36871983414856,0.03796602812727516
879,999,83.78336320384307,3246,834,44.73876490369917,0.053643603002037375
880,999,4.251884194969169,127,79,24.109118086696565,0.30517870995818436
881,999,193.3915331085211,14635,1504,50.83342371885349,0.03379881896200365
882,999,6.428542663642386,156,97,42.84507042253522,0.4417017569333528
883,999,23.14076252268504,642,313,61.96091401082382,0.19795819172787163
866,999,930.2041652936508,26646730,4266,43.73400995218031,0.010251760420107902
867,999,230.53309153474197,22199,1735,53.797512890831015,0.031007212040824794
868,999,7.056288305647475,209,124,37.95047784535186,0.3060522406883215
869,999,42.08833339281073,1343,496,47.07422680412372,0.0949077153308946
348,999,908.8535366100239,21260860,4223,50.25337994547463,0.011899924211573437
349,999,5.096575311046999,154,94,35.50299401197606,0.37769142565931973
852,999,707.9448154165794,2946794,3698,53.94890006821367,0.014588669569554805
853,999,3.631281139436993,103,66,32.24620060790274,0.4885787970894355
870,999,566.7830719599426,691533,3174,49.947377261492335,0.01573641375598372
854,1203,336.44908312470807,70971,2245,51.64397337159622,0.02300399704748161
855,999,34.6949549797895,1002,405,41.06355828220859,0.10139150193137923
828,999,785.1101985082208,6205667,3874,51.843378361045836,0.013382389871204398
829,999,29.85389664460069,835,373,44.846272592783166,0.12023129381443208
856,1027,533.8113470727176,494993,3098,49.394076884488484,0.01594385954954438
830,999,28.846617224278013,845,374,55.423814328960646,0.14819201692235467
857,999,20.69696029132248,575,293,40.04178272980501,0.13666137450445395
831,999,38.78454586093297,1164,454,46.10685360375689,0.1015569462637817
907,999,956.5940419952138,34768627,4473,56.79143238481063,0.012696497291484603
935,999,858.5911407863085,13013640,4054,45.16655482227525,0.011141232072588863
908,999,755.3114314078393,4640434,3819,53.01868175327635,0.013882870320313262
909,999,231.83358472719894,22499,1772,55.477055882992126,0.03130759361342671
350,999,865.1356441062811,13498192,4111,47.68206555896376,0.011598653748227623
